[0.000000] (-) TimerEvent: {}
[0.000558] (-) JobUnselected: {'identifier': 'actions_cpp'}
[0.000795] (-) JobUnselected: {'identifier': 'actions_py'}
[0.000835] (-) JobUnselected: {'identifier': 'my_cpp_pkg'}
[0.000866] (-) JobUnselected: {'identifier': 'my_py_pkg'}
[0.000896] (-) JobUnselected: {'identifier': 'my_robot_bringup'}
[0.000928] (-) JobUnselected: {'identifier': 'my_robot_description'}
[0.000960] (-) JobUnselected: {'identifier': 'turtlesim_catch_them_all'}
[0.001001] (my_robot_interfaces) JobQueued: {'identifier': 'my_robot_interfaces', 'dependencies': OrderedDict()}
[0.001866] (my_robot_interfaces) JobStarted: {'identifier': 'my_robot_interfaces'}
[0.011267] (my_robot_interfaces) JobProgress: {'identifier': 'my_robot_interfaces', 'progress': 'cmake'}
[0.013177] (my_robot_interfaces) Command: {'cmd': ['/usr/bin/cmake', '/home/user/ros2_ws/src/my_robot_interfaces', '-DCMAKE_INSTALL_PREFIX=/home/user/ros2_ws/src/install/my_robot_interfaces'], 'cwd': '/home/user/ros2_ws/src/build/my_robot_interfaces', 'env': OrderedDict({'LESSOPEN': '| /usr/bin/lesspipe %s', 'GZ_SIM_RESOURCE_PATH': '/opt/ros/jazzy/share', 'USER': 'user', 'GZ_CONFIG_PATH': '/opt/ros/jazzy/opt/gz_sim_vendor/share/gz:/opt/ros/jazzy/opt/sdformat_vendor/share/gz:/opt/ros/jazzy/opt/gz_gui_vendor/share/gz:/opt/ros/jazzy/opt/gz_transport_vendor/share/gz:/opt/ros/jazzy/opt/gz_rendering_vendor/share/gz:/opt/ros/jazzy/opt/gz_plugin_vendor/share/gz:/opt/ros/jazzy/opt/gz_fuel_tools_vendor/share/gz:/opt/ros/jazzy/opt/gz_msgs_vendor/share/gz:/opt/ros/jazzy/opt/gz_common_vendor/share/gz', 'SHLVL': '1', 'LD_LIBRARY_PATH': '/home/user/ros2_ws/install/my_robot_interfaces/lib:/home/user/ros2_ws/install/battery_led_panel/lib:/opt/ros/jazzy/opt/gz_sim_vendor/lib:/opt/ros/jazzy/opt/gz_sensors_vendor/lib:/opt/ros/jazzy/opt/gz_physics_vendor/lib:/opt/ros/jazzy/opt/sdformat_vendor/lib:/opt/ros/jazzy/opt/rviz_ogre_vendor/lib:/opt/ros/jazzy/lib/x86_64-linux-gnu:/opt/ros/jazzy/opt/gz_gui_vendor/lib:/opt/ros/jazzy/opt/gz_transport_vendor/lib:/opt/ros/jazzy/opt/gz_rendering_vendor/lib:/opt/ros/jazzy/opt/gz_plugin_vendor/lib:/opt/ros/jazzy/opt/gz_fuel_tools_vendor/lib:/opt/ros/jazzy/opt/gz_msgs_vendor/lib:/opt/ros/jazzy/opt/gz_common_vendor/lib:/opt/ros/jazzy/opt/gz_math_vendor/lib:/opt/ros/jazzy/opt/gz_utils_vendor/lib:/opt/ros/jazzy/opt/gz_tools_vendor/lib:/opt/ros/jazzy/opt/gz_ogre_next_vendor/lib:/opt/ros/jazzy/opt/gz_dartsim_vendor/lib:/opt/ros/jazzy/opt/gz_cmake_vendor/lib:/opt/ros/jazzy/lib', 'WT_PROFILE_ID': '{d8e96812-b789-5068-a5ae-10b2fb53e95f}', 'HOME': '/home/user', 'ASDF_DIR': '/home/linuxbrew/.linuxbrew/opt/asdf/libexec', 'OLDPWD': '/home/user/ros2_ws', 'NVM_BIN': '/home/user/.nvm/versions/node/v20.19.3/bin', 'PYENV_SHELL': 'bash', 'NVM_INC': '/home/user/.nvm/versions/node/v20.19.3/include/node', 'ROS_PYTHON_VERSION': '3', 'HOMEBREW_PREFIX': '/home/linuxbrew/.linuxbrew', 'DBUS_SESSION_BUS_ADDRESS': 'unix:path=/run/user/1000/bus', 'WSL_DISTRO_NAME': 'Ubuntu-24.04', 'NVM_DIR': '/home/user/.nvm', 'WAYLAND_DISPLAY': 'wayland-0', 'COLCON_PREFIX_PATH': '/home/user/ros2_ws/install', 'INFOPATH': '/home/linuxbrew/.linuxbrew/share/info:', 'ROS_DISTRO': 'jazzy', 'LOGNAME': 'user', 'NAME': 'LAPTOP-V3KNT5JR', 'WSL_INTEROP': '/run/WSL/3415_interop', 'PULSE_SERVER': 'unix:/mnt/wslg/PulseServer', '_': '/usr/bin/colcon', 'ROS_VERSION': '2', 'TERM': 'xterm-256color', 'PATH': '/usr/bin:/opt/ros/jazzy/opt/gz_msgs_vendor/bin:/opt/ros/jazzy/opt/gz_tools_vendor/bin:/opt/ros/jazzy/opt/gz_ogre_next_vendor/bin:/opt/ros/jazzy/bin:/home/user/.nvm/versions/node/v20.19.3/bin:/home/user/Android/Sdk/cmake/3.22.1/bin:/home/user/Android/Sdk/ndk/26.1.10909125/toolchains/llvm/prebuilt/linux-x86_64/bin:/home/user/Android/Sdk/platform-tools:/home/user/Android/Sdk/cmdline-tools/latest/bin:/home/user/.asdf/shims:/home/linuxbrew/.linuxbrew/opt/asdf/libexec/bin:/home/linuxbrew/.linuxbrew/bin:/home/linuxbrew/.linuxbrew/sbin:/usr/lib/jvm/java-21-openjdk-amd64/bin:/home/user/.pyenv/shims:/home/user/.pyenv/bin:/usr/local/sbin:/usr/local/bin:/usr/sbin:/usr/bin:/sbin:/bin:/usr/local/sbin:/usr/local/bin:/usr/sbin:/usr/bin:/sbin:/bin:/usr/games:/usr/local/games:/usr/lib/wsl/lib:/mnt/c/Program Files/Zulu/zulu-17/bin/:/mnt/c/Python313/Scripts/:/mnt/c/Python313/:/mnt/c/Python312/Scripts/:/mnt/c/Python312/:/mnt/c/Program Files (x86)/VMware/VMware Player/bin/:/mnt/c/Windows/system32:/mnt/c/Windows:/mnt/c/Windows/System32/Wbem:/mnt/c/Windows/System32/WindowsPowerShell/v1.0/:/mnt/c/Windows/System32/OpenSSH/:/mnt/c/Program Files/Git/cmd:/mnt/c/Program Files/MySQL/MySQL Server 8.0/bin:/mnt/c/sqlite3:/mnt/c/Users/kazuh/AppData/Local/Programs/cursor/resources/app/bin:/mnt/c/Program Files (x86)/Bitvise SSH Client:/mnt/c/ProgramData/chocolatey/bin:/mnt/c/Program Files/heroku/bin:/mnt/c/Program Files/dotnet/:/mnt/c/Program Files/Docker/Docker/resources/bin:/mnt/c/WINDOWS/system32:/mnt/c/WINDOWS:/mnt/c/WINDOWS/System32/Wbem:/mnt/c/WINDOWS/System32/WindowsPowerShell/v1.0/:/mnt/c/WINDOWS/System32/OpenSSH/:/mnt/c/Go/bin:/mnt/c/opencv/build/x64/vc16/bin:/mnt/c/mingw64/mingw64/bin:/mnt/c/Program Files/CMake/bin:/mnt/c/mingw64/mingw64/x86_64-w64-mingw32/bin:/mnt/c/ffmpeg/bin:/mnt/c/opencv/build/install/bin:/mnt/c/opencv/build/install/x64/mingw/bin:/mnt/c/Program Files/PostgreSQL/17/bin:/mnt/c/TDM-GCC-64/bin:/mnt/c/Program Files/nodejs/:/mnt/c/Program Files/Zulu/zulu-17/bin:/mnt/c/Users/kazuh/AppData/Local/Android/Sdk/emulator:/mnt/c/Users/kazuh/AppData/Local/Android/Sdk/platform-tools:/mnt/c/Users/kazuh/AppData/Local/Android/Sdk/cmdline-tools/latest/bin:/mnt/c/Users/kazuh/AppData/Local/Android/Sdk/cmake/3.22.1/bin:/mnt/c/Ruby30-x64/bin:/mnt/c/Program Files/MySQL/MySQL Shell 8.0/bin/:/mnt/c/Users/kazuh/anaconda3:/mnt/c/Users/kazuh/anaconda3/Scripts:/mnt/c/Users/kazuh/AppData/Local/Programs/Python/Python311/Scripts/:/mnt/c/Users/kazuh/AppData/Local/Programs/Python/Python311/:/mnt/c/Users/kazuh/AppData/Local/Microsoft/WindowsApps:/mnt/c/Users/kazuh/AppData/Local/atom/bin:/mnt/c/Users/kazuh/AppData/Local/Programs/Microsoft VS Code/bin:/mnt/c/LetsLearn/Java/openjdk-21.0.1/bin:/mnt/c/Program Files/JetBrains/PyCharm Community Edition 2023.2.5/bin:/mnt/c/Users/kazuh/AppData/Local/JetBrains/IntelliJ IDEA Community Edition 2023.3.3/bin:/mnt/c/php/php-8.3.4-src/php-8.3.4-nts-Win32-vs16-x64:/mnt/c/Users/kazuh/AppData/Local/Programs/mongosh/:/mnt/c/Users/kazuh/.dotnet/tools:/mnt/c/Users/kazuh/AppData/Local/Microsoft/WindowsApps:/mnt/c/Users/kazuh/go/bin:/mnt/c/Users/kazuh/go/bin:/mnt/c/Users/kazuh/AppData/Roaming/npm:/snap/bin:/home/user/Android/Sdk/emulator:/home/user/Android/Sdk/platform-tools:/home/user/Android/Sdk/cmdline-tools/latest/bin:/home/user/Android/Sdk/cmake/3.22.1/bin', 'HOMEBREW_CELLAR': '/home/linuxbrew/.linuxbrew/Cellar', 'WT_SESSION': '24fed20c-be5e-4995-9904-d064d9509f57', 'XDG_RUNTIME_DIR': '/run/user/1000/', 'DISPLAY': ':0', 'LANG': 'en_US.UTF-8', 'LS_COLORS': 'rs=0:di=01;34:ln=01;36:mh=00:pi=40;33:so=01;35:do=01;35:bd=40;33;01:cd=40;33;01:or=40;31;01:mi=00:su=37;41:sg=30;43:ca=00:tw=30;42:ow=34;42:st=37;44:ex=01;32:*.tar=01;31:*.tgz=01;31:*.arc=01;31:*.arj=01;31:*.taz=01;31:*.lha=01;31:*.lz4=01;31:*.lzh=01;31:*.lzma=01;31:*.tlz=01;31:*.txz=01;31:*.tzo=01;31:*.t7z=01;31:*.zip=01;31:*.z=01;31:*.dz=01;31:*.gz=01;31:*.lrz=01;31:*.lz=01;31:*.lzo=01;31:*.xz=01;31:*.zst=01;31:*.tzst=01;31:*.bz2=01;31:*.bz=01;31:*.tbz=01;31:*.tbz2=01;31:*.tz=01;31:*.deb=01;31:*.rpm=01;31:*.jar=01;31:*.war=01;31:*.ear=01;31:*.sar=01;31:*.rar=01;31:*.alz=01;31:*.ace=01;31:*.zoo=01;31:*.cpio=01;31:*.7z=01;31:*.rz=01;31:*.cab=01;31:*.wim=01;31:*.swm=01;31:*.dwm=01;31:*.esd=01;31:*.avif=01;35:*.jpg=01;35:*.jpeg=01;35:*.mjpg=01;35:*.mjpeg=01;35:*.gif=01;35:*.bmp=01;35:*.pbm=01;35:*.pgm=01;35:*.ppm=01;35:*.tga=01;35:*.xbm=01;35:*.xpm=01;35:*.tif=01;35:*.tiff=01;35:*.png=01;35:*.svg=01;35:*.svgz=01;35:*.mng=01;35:*.pcx=01;35:*.mov=01;35:*.mpg=01;35:*.mpeg=01;35:*.m2v=01;35:*.mkv=01;35:*.webm=01;35:*.webp=01;35:*.ogm=01;35:*.mp4=01;35:*.m4v=01;35:*.mp4v=01;35:*.vob=01;35:*.qt=01;35:*.nuv=01;35:*.wmv=01;35:*.asf=01;35:*.rm=01;35:*.rmvb=01;35:*.flc=01;35:*.avi=01;35:*.fli=01;35:*.flv=01;35:*.gl=01;35:*.dl=01;35:*.xcf=01;35:*.xwd=01;35:*.yuv=01;35:*.cgm=01;35:*.emf=01;35:*.ogv=01;35:*.ogx=01;35:*.aac=00;36:*.au=00;36:*.flac=00;36:*.m4a=00;36:*.mid=00;36:*.midi=00;36:*.mka=00;36:*.mp3=00;36:*.mpc=00;36:*.ogg=00;36:*.ra=00;36:*.wav=00;36:*.oga=00;36:*.opus=00;36:*.spx=00;36:*.xspf=00;36:*~=00;90:*#=00;90:*.bak=00;90:*.crdownload=00;90:*.dpkg-dist=00;90:*.dpkg-new=00;90:*.dpkg-old=00;90:*.dpkg-tmp=00;90:*.old=00;90:*.orig=00;90:*.part=00;90:*.rej=00;90:*.rpmnew=00;90:*.rpmorig=00;90:*.rpmsave=00;90:*.swp=00;90:*.tmp=00;90:*.ucf-dist=00;90:*.ucf-new=00;90:*.ucf-old=00;90:', 'AMENT_PREFIX_PATH': '/home/user/ros2_ws/install/my_robot_bringup:/home/user/ros2_ws/install/turtlesim_catch_them_all:/home/user/ros2_ws/install/my_py_pkg:/home/user/ros2_ws/install/my_cpp_pkg:/home/user/ros2_ws/install/actions_py:/home/user/ros2_ws/install/actions_cpp:/home/user/ros2_ws/install/my_robot_interfaces:/home/user/ros2_ws/install/my_robot_description:/home/user/ros2_ws/install/battery_led_panel:/opt/ros/jazzy', 'SHELL': '/bin/bash', 'LESSCLOSE': '/usr/bin/lesspipe %s %s', 'ANDROID_SDK_ROOT': '/home/user/Android/Sdk', 'ROS_AUTOMATIC_DISCOVERY_RANGE': 'SUBNET', 'JAVA_HOME': '/usr/lib/jvm/java-21-openjdk-amd64', 'PWD': '/home/user/ros2_ws/src/build/my_robot_interfaces', 'ANDROID_HOME': '/home/user/Android/Sdk', 'NVM_CD_FLAGS': '', 'PYENV_ROOT': '/home/user/.pyenv', 'XDG_DATA_DIRS': '/usr/local/share:/usr/share:/var/lib/snapd/desktop', 'PYTHONPATH': '/home/user/ros2_ws/build/turtlesim_catch_them_all:/home/user/ros2_ws/install/turtlesim_catch_them_all/lib/python3.12/site-packages:/home/user/ros2_ws/build/my_py_pkg:/home/user/ros2_ws/install/my_py_pkg/lib/python3.12/site-packages:/home/user/ros2_ws/build/actions_py:/home/user/ros2_ws/install/actions_py/lib/python3.12/site-packages:/home/user/ros2_ws/install/my_robot_interfaces/lib/python3.12/site-packages:/home/user/ros2_ws/install/battery_led_panel/lib/python3.12/site-packages:/opt/ros/jazzy/lib/python3.12/site-packages', 'HOMEBREW_REPOSITORY': '/home/linuxbrew/.linuxbrew/Homebrew', 'COLCON': '1', 'WSL2_GUI_APPS_ENABLED': '1', 'HOSTTYPE': 'x86_64', 'CMAKE_PREFIX_PATH': '/home/user/ros2_ws/install/my_robot_bringup:/home/user/ros2_ws/install/my_cpp_pkg:/home/user/ros2_ws/install/actions_cpp:/home/user/ros2_ws/install/my_robot_interfaces:/home/user/ros2_ws/install/my_robot_description:/home/user/ros2_ws/install/battery_led_panel:/opt/ros/jazzy/opt/gz_sim_vendor:/opt/ros/jazzy/opt/gz_sensors_vendor:/opt/ros/jazzy/opt/gz_physics_vendor:/opt/ros/jazzy/opt/sdformat_vendor:/opt/ros/jazzy/opt/gz_gui_vendor:/opt/ros/jazzy/opt/gz_transport_vendor:/opt/ros/jazzy/opt/gz_rendering_vendor:/opt/ros/jazzy/opt/gz_plugin_vendor:/opt/ros/jazzy/opt/gz_fuel_tools_vendor:/opt/ros/jazzy/opt/gz_msgs_vendor:/opt/ros/jazzy/opt/gz_common_vendor:/opt/ros/jazzy/opt/gz_math_vendor:/opt/ros/jazzy/opt/gz_utils_vendor:/opt/ros/jazzy/opt/gz_tools_vendor:/opt/ros/jazzy/opt/gz_ogre_next_vendor:/opt/ros/jazzy/opt/gz_dartsim_vendor:/opt/ros/jazzy/opt/gz_cmake_vendor:/home/user/ros2_ws/install/turtlesim_catch_them_all:/home/user/ros2_ws/install/my_py_pkg:/home/user/ros2_ws/install/actions_py:/opt/ros/jazzy', 'WSLENV': 'WT_SESSION:WT_PROFILE_ID:'}), 'shell': False}
[0.099834] (-) TimerEvent: {}
[0.200347] (-) TimerEvent: {}
[0.290128] (my_robot_interfaces) StdoutLine: {'line': b'-- The C compiler identification is GNU 13.3.0\n'}
[0.300558] (-) TimerEvent: {}
[0.402901] (-) TimerEvent: {}
[0.503648] (-) TimerEvent: {}
[0.604141] (-) TimerEvent: {}
[0.705641] (-) TimerEvent: {}
[0.806243] (-) TimerEvent: {}
[0.906806] (-) TimerEvent: {}
[1.007558] (-) TimerEvent: {}
[1.108280] (-) TimerEvent: {}
[1.208708] (-) TimerEvent: {}
[1.309136] (-) TimerEvent: {}
[1.409703] (-) TimerEvent: {}
[1.510805] (-) TimerEvent: {}
[1.611667] (-) TimerEvent: {}
[1.712454] (-) TimerEvent: {}
[1.813090] (-) TimerEvent: {}
[1.913906] (-) TimerEvent: {}
[1.930416] (my_robot_interfaces) StdoutLine: {'line': b'-- The CXX compiler identification is GNU 13.3.0\n'}
[2.014170] (-) TimerEvent: {}
[2.114771] (-) TimerEvent: {}
[2.215408] (-) TimerEvent: {}
[2.316153] (-) TimerEvent: {}
[2.416786] (-) TimerEvent: {}
[2.517751] (-) TimerEvent: {}
[2.618371] (-) TimerEvent: {}
[2.719309] (-) TimerEvent: {}
[2.820007] (-) TimerEvent: {}
[2.920497] (-) TimerEvent: {}
[3.020921] (-) TimerEvent: {}
[3.123799] (-) TimerEvent: {}
[3.224505] (-) TimerEvent: {}
[3.325109] (-) TimerEvent: {}
[3.425892] (-) TimerEvent: {}
[3.526782] (-) TimerEvent: {}
[3.614916] (my_robot_interfaces) StdoutLine: {'line': b'-- Detecting C compiler ABI info\n'}
[3.627313] (-) TimerEvent: {}
[3.728148] (-) TimerEvent: {}
[3.828642] (-) TimerEvent: {}
[3.929343] (-) TimerEvent: {}
[4.029948] (-) TimerEvent: {}
[4.131973] (-) TimerEvent: {}
[4.240922] (-) TimerEvent: {}
[4.287239] (my_robot_interfaces) StdoutLine: {'line': b'-- Detecting C compiler ABI info - done\n'}
[4.299241] (my_robot_interfaces) StdoutLine: {'line': b'-- Check for working C compiler: /usr/bin/cc - skipped\n'}
[4.299579] (my_robot_interfaces) StdoutLine: {'line': b'-- Detecting C compile features\n'}
[4.300065] (my_robot_interfaces) StdoutLine: {'line': b'-- Detecting C compile features - done\n'}
[4.341143] (-) TimerEvent: {}
[4.441676] (-) TimerEvent: {}
[4.542574] (-) TimerEvent: {}
[4.594686] (my_robot_interfaces) StdoutLine: {'line': b'-- Detecting CXX compiler ABI info\n'}
[4.642934] (-) TimerEvent: {}
[4.743958] (-) TimerEvent: {}
[4.844575] (-) TimerEvent: {}
[4.946607] (-) TimerEvent: {}
[5.047304] (-) TimerEvent: {}
[5.148114] (-) TimerEvent: {}
[5.248796] (-) TimerEvent: {}
[5.308294] (my_robot_interfaces) StdoutLine: {'line': b'-- Detecting CXX compiler ABI info - done\n'}
[5.318852] (my_robot_interfaces) StdoutLine: {'line': b'-- Check for working CXX compiler: /usr/bin/c++ - skipped\n'}
[5.319309] (my_robot_interfaces) StdoutLine: {'line': b'-- Detecting CXX compile features\n'}
[5.319544] (my_robot_interfaces) StdoutLine: {'line': b'-- Detecting CXX compile features - done\n'}
[5.325041] (my_robot_interfaces) StdoutLine: {'line': b'-- Found ament_cmake: 2.5.4 (/opt/ros/jazzy/share/ament_cmake/cmake)\n'}
[5.349469] (-) TimerEvent: {}
[5.450197] (-) TimerEvent: {}
[5.551376] (my_robot_interfaces) StdoutLine: {'line': b'-- Found Python3: /usr/bin/python3 (found version "3.12.3") found components: Interpreter \n'}
[5.551594] (-) TimerEvent: {}
[5.652496] (-) TimerEvent: {}
[5.717505] (my_robot_interfaces) StdoutLine: {'line': b'-- Found rosidl_default_generators: 1.6.0 (/opt/ros/jazzy/share/rosidl_default_generators/cmake)\n'}
[5.733621] (my_robot_interfaces) StdoutLine: {'line': b'-- Using all available rosidl_typesupport_c: rosidl_typesupport_fastrtps_c;rosidl_typesupport_introspection_c\n'}
[5.752998] (-) TimerEvent: {}
[5.853639] (-) TimerEvent: {}
[5.954401] (-) TimerEvent: {}
[6.055521] (-) TimerEvent: {}
[6.158883] (-) TimerEvent: {}
[6.214574] (my_robot_interfaces) StdoutLine: {'line': b'-- Using all available rosidl_typesupport_cpp: rosidl_typesupport_fastrtps_cpp;rosidl_typesupport_introspection_cpp\n'}
[6.259178] (-) TimerEvent: {}
[6.280614] (my_robot_interfaces) StdoutLine: {'line': b'-- Found rosidl_adapter: 4.6.6 (/opt/ros/jazzy/share/rosidl_adapter/cmake)\n'}
[6.359620] (-) TimerEvent: {}
[6.460434] (-) TimerEvent: {}
[6.561555] (-) TimerEvent: {}
[6.662554] (-) TimerEvent: {}
[6.764051] (-) TimerEvent: {}
[6.864582] (-) TimerEvent: {}
[6.965172] (-) TimerEvent: {}
[7.066216] (-) TimerEvent: {}
[7.166809] (-) TimerEvent: {}
[7.267974] (-) TimerEvent: {}
[7.296390] (my_robot_interfaces) StdoutLine: {'line': b'-- Found ament_cmake_ros: 0.12.0 (/opt/ros/jazzy/share/ament_cmake_ros/cmake)\n'}
[7.368446] (-) TimerEvent: {}
[7.469084] (-) TimerEvent: {}
[7.569652] (-) TimerEvent: {}
[7.670872] (-) TimerEvent: {}
[7.771600] (-) TimerEvent: {}
[7.872154] (-) TimerEvent: {}
[7.915722] (my_robot_interfaces) StdoutLine: {'line': b'-- Using all available rosidl_typesupport_c: rosidl_typesupport_fastrtps_c;rosidl_typesupport_introspection_c\n'}
[7.972379] (-) TimerEvent: {}
[8.074041] (-) TimerEvent: {}
[8.174668] (-) TimerEvent: {}
[8.275696] (-) TimerEvent: {}
[8.376513] (-) TimerEvent: {}
[8.477084] (-) TimerEvent: {}
[8.578097] (-) TimerEvent: {}
[8.678921] (-) TimerEvent: {}
[8.779569] (-) TimerEvent: {}
[8.789544] (my_robot_interfaces) StdoutLine: {'line': b'-- Using all available rosidl_typesupport_cpp: rosidl_typesupport_fastrtps_cpp;rosidl_typesupport_introspection_cpp\n'}
[8.795457] (my_robot_interfaces) StdoutLine: {'line': b'-- Found python_cmake_module: 0.11.1 (/opt/ros/jazzy/share/python_cmake_module/cmake)\n'}
[8.880043] (-) TimerEvent: {}
[8.980518] (-) TimerEvent: {}
[8.990741] (my_robot_interfaces) StdoutLine: {'line': b'-- Found PythonExtra: /usr/bin/python3  \n'}
[9.080783] (-) TimerEvent: {}
[9.181339] (-) TimerEvent: {}
[9.281884] (-) TimerEvent: {}
[9.383004] (-) TimerEvent: {}
[9.483890] (-) TimerEvent: {}
[9.584267] (-) TimerEvent: {}
[9.603880] (my_robot_interfaces) StdoutLine: {'line': b'-- Found Python3: /usr/bin/python3 (found version "3.12.3") found components: Interpreter Development NumPy Development.Module Development.Embed \n'}
[9.664822] (my_robot_interfaces) StdoutLine: {'line': b'-- Configuring done (9.6s)\n'}
[9.684794] (-) TimerEvent: {}
[9.779756] (my_robot_interfaces) StdoutLine: {'line': b'-- Generating done (0.1s)\n'}
[9.785048] (-) TimerEvent: {}
[9.799664] (my_robot_interfaces) StdoutLine: {'line': b'-- Build files have been written to: /home/user/ros2_ws/src/build/my_robot_interfaces\n'}
[9.819238] (my_robot_interfaces) CommandEnded: {'returncode': 0}
[9.819976] (my_robot_interfaces) JobProgress: {'identifier': 'my_robot_interfaces', 'progress': 'build'}
[9.821082] (my_robot_interfaces) Command: {'cmd': ['/usr/bin/cmake', '--build', '/home/user/ros2_ws/src/build/my_robot_interfaces', '--', '-j4', '-l4'], 'cwd': '/home/user/ros2_ws/src/build/my_robot_interfaces', 'env': OrderedDict({'LESSOPEN': '| /usr/bin/lesspipe %s', 'GZ_SIM_RESOURCE_PATH': '/opt/ros/jazzy/share', 'USER': 'user', 'GZ_CONFIG_PATH': '/opt/ros/jazzy/opt/gz_sim_vendor/share/gz:/opt/ros/jazzy/opt/sdformat_vendor/share/gz:/opt/ros/jazzy/opt/gz_gui_vendor/share/gz:/opt/ros/jazzy/opt/gz_transport_vendor/share/gz:/opt/ros/jazzy/opt/gz_rendering_vendor/share/gz:/opt/ros/jazzy/opt/gz_plugin_vendor/share/gz:/opt/ros/jazzy/opt/gz_fuel_tools_vendor/share/gz:/opt/ros/jazzy/opt/gz_msgs_vendor/share/gz:/opt/ros/jazzy/opt/gz_common_vendor/share/gz', 'SHLVL': '1', 'LD_LIBRARY_PATH': '/home/user/ros2_ws/install/my_robot_interfaces/lib:/home/user/ros2_ws/install/battery_led_panel/lib:/opt/ros/jazzy/opt/gz_sim_vendor/lib:/opt/ros/jazzy/opt/gz_sensors_vendor/lib:/opt/ros/jazzy/opt/gz_physics_vendor/lib:/opt/ros/jazzy/opt/sdformat_vendor/lib:/opt/ros/jazzy/opt/rviz_ogre_vendor/lib:/opt/ros/jazzy/lib/x86_64-linux-gnu:/opt/ros/jazzy/opt/gz_gui_vendor/lib:/opt/ros/jazzy/opt/gz_transport_vendor/lib:/opt/ros/jazzy/opt/gz_rendering_vendor/lib:/opt/ros/jazzy/opt/gz_plugin_vendor/lib:/opt/ros/jazzy/opt/gz_fuel_tools_vendor/lib:/opt/ros/jazzy/opt/gz_msgs_vendor/lib:/opt/ros/jazzy/opt/gz_common_vendor/lib:/opt/ros/jazzy/opt/gz_math_vendor/lib:/opt/ros/jazzy/opt/gz_utils_vendor/lib:/opt/ros/jazzy/opt/gz_tools_vendor/lib:/opt/ros/jazzy/opt/gz_ogre_next_vendor/lib:/opt/ros/jazzy/opt/gz_dartsim_vendor/lib:/opt/ros/jazzy/opt/gz_cmake_vendor/lib:/opt/ros/jazzy/lib', 'WT_PROFILE_ID': '{d8e96812-b789-5068-a5ae-10b2fb53e95f}', 'HOME': '/home/user', 'ASDF_DIR': '/home/linuxbrew/.linuxbrew/opt/asdf/libexec', 'OLDPWD': '/home/user/ros2_ws', 'NVM_BIN': '/home/user/.nvm/versions/node/v20.19.3/bin', 'PYENV_SHELL': 'bash', 'NVM_INC': '/home/user/.nvm/versions/node/v20.19.3/include/node', 'ROS_PYTHON_VERSION': '3', 'HOMEBREW_PREFIX': '/home/linuxbrew/.linuxbrew', 'DBUS_SESSION_BUS_ADDRESS': 'unix:path=/run/user/1000/bus', 'WSL_DISTRO_NAME': 'Ubuntu-24.04', 'NVM_DIR': '/home/user/.nvm', 'WAYLAND_DISPLAY': 'wayland-0', 'COLCON_PREFIX_PATH': '/home/user/ros2_ws/install', 'INFOPATH': '/home/linuxbrew/.linuxbrew/share/info:', 'ROS_DISTRO': 'jazzy', 'LOGNAME': 'user', 'NAME': 'LAPTOP-V3KNT5JR', 'WSL_INTEROP': '/run/WSL/3415_interop', 'PULSE_SERVER': 'unix:/mnt/wslg/PulseServer', '_': '/usr/bin/colcon', 'ROS_VERSION': '2', 'TERM': 'xterm-256color', 'PATH': '/usr/bin:/opt/ros/jazzy/opt/gz_msgs_vendor/bin:/opt/ros/jazzy/opt/gz_tools_vendor/bin:/opt/ros/jazzy/opt/gz_ogre_next_vendor/bin:/opt/ros/jazzy/bin:/home/user/.nvm/versions/node/v20.19.3/bin:/home/user/Android/Sdk/cmake/3.22.1/bin:/home/user/Android/Sdk/ndk/26.1.10909125/toolchains/llvm/prebuilt/linux-x86_64/bin:/home/user/Android/Sdk/platform-tools:/home/user/Android/Sdk/cmdline-tools/latest/bin:/home/user/.asdf/shims:/home/linuxbrew/.linuxbrew/opt/asdf/libexec/bin:/home/linuxbrew/.linuxbrew/bin:/home/linuxbrew/.linuxbrew/sbin:/usr/lib/jvm/java-21-openjdk-amd64/bin:/home/user/.pyenv/shims:/home/user/.pyenv/bin:/usr/local/sbin:/usr/local/bin:/usr/sbin:/usr/bin:/sbin:/bin:/usr/local/sbin:/usr/local/bin:/usr/sbin:/usr/bin:/sbin:/bin:/usr/games:/usr/local/games:/usr/lib/wsl/lib:/mnt/c/Program Files/Zulu/zulu-17/bin/:/mnt/c/Python313/Scripts/:/mnt/c/Python313/:/mnt/c/Python312/Scripts/:/mnt/c/Python312/:/mnt/c/Program Files (x86)/VMware/VMware Player/bin/:/mnt/c/Windows/system32:/mnt/c/Windows:/mnt/c/Windows/System32/Wbem:/mnt/c/Windows/System32/WindowsPowerShell/v1.0/:/mnt/c/Windows/System32/OpenSSH/:/mnt/c/Program Files/Git/cmd:/mnt/c/Program Files/MySQL/MySQL Server 8.0/bin:/mnt/c/sqlite3:/mnt/c/Users/kazuh/AppData/Local/Programs/cursor/resources/app/bin:/mnt/c/Program Files (x86)/Bitvise SSH Client:/mnt/c/ProgramData/chocolatey/bin:/mnt/c/Program Files/heroku/bin:/mnt/c/Program Files/dotnet/:/mnt/c/Program Files/Docker/Docker/resources/bin:/mnt/c/WINDOWS/system32:/mnt/c/WINDOWS:/mnt/c/WINDOWS/System32/Wbem:/mnt/c/WINDOWS/System32/WindowsPowerShell/v1.0/:/mnt/c/WINDOWS/System32/OpenSSH/:/mnt/c/Go/bin:/mnt/c/opencv/build/x64/vc16/bin:/mnt/c/mingw64/mingw64/bin:/mnt/c/Program Files/CMake/bin:/mnt/c/mingw64/mingw64/x86_64-w64-mingw32/bin:/mnt/c/ffmpeg/bin:/mnt/c/opencv/build/install/bin:/mnt/c/opencv/build/install/x64/mingw/bin:/mnt/c/Program Files/PostgreSQL/17/bin:/mnt/c/TDM-GCC-64/bin:/mnt/c/Program Files/nodejs/:/mnt/c/Program Files/Zulu/zulu-17/bin:/mnt/c/Users/kazuh/AppData/Local/Android/Sdk/emulator:/mnt/c/Users/kazuh/AppData/Local/Android/Sdk/platform-tools:/mnt/c/Users/kazuh/AppData/Local/Android/Sdk/cmdline-tools/latest/bin:/mnt/c/Users/kazuh/AppData/Local/Android/Sdk/cmake/3.22.1/bin:/mnt/c/Ruby30-x64/bin:/mnt/c/Program Files/MySQL/MySQL Shell 8.0/bin/:/mnt/c/Users/kazuh/anaconda3:/mnt/c/Users/kazuh/anaconda3/Scripts:/mnt/c/Users/kazuh/AppData/Local/Programs/Python/Python311/Scripts/:/mnt/c/Users/kazuh/AppData/Local/Programs/Python/Python311/:/mnt/c/Users/kazuh/AppData/Local/Microsoft/WindowsApps:/mnt/c/Users/kazuh/AppData/Local/atom/bin:/mnt/c/Users/kazuh/AppData/Local/Programs/Microsoft VS Code/bin:/mnt/c/LetsLearn/Java/openjdk-21.0.1/bin:/mnt/c/Program Files/JetBrains/PyCharm Community Edition 2023.2.5/bin:/mnt/c/Users/kazuh/AppData/Local/JetBrains/IntelliJ IDEA Community Edition 2023.3.3/bin:/mnt/c/php/php-8.3.4-src/php-8.3.4-nts-Win32-vs16-x64:/mnt/c/Users/kazuh/AppData/Local/Programs/mongosh/:/mnt/c/Users/kazuh/.dotnet/tools:/mnt/c/Users/kazuh/AppData/Local/Microsoft/WindowsApps:/mnt/c/Users/kazuh/go/bin:/mnt/c/Users/kazuh/go/bin:/mnt/c/Users/kazuh/AppData/Roaming/npm:/snap/bin:/home/user/Android/Sdk/emulator:/home/user/Android/Sdk/platform-tools:/home/user/Android/Sdk/cmdline-tools/latest/bin:/home/user/Android/Sdk/cmake/3.22.1/bin', 'HOMEBREW_CELLAR': '/home/linuxbrew/.linuxbrew/Cellar', 'WT_SESSION': '24fed20c-be5e-4995-9904-d064d9509f57', 'XDG_RUNTIME_DIR': '/run/user/1000/', 'DISPLAY': ':0', 'LANG': 'en_US.UTF-8', 'LS_COLORS': 'rs=0:di=01;34:ln=01;36:mh=00:pi=40;33:so=01;35:do=01;35:bd=40;33;01:cd=40;33;01:or=40;31;01:mi=00:su=37;41:sg=30;43:ca=00:tw=30;42:ow=34;42:st=37;44:ex=01;32:*.tar=01;31:*.tgz=01;31:*.arc=01;31:*.arj=01;31:*.taz=01;31:*.lha=01;31:*.lz4=01;31:*.lzh=01;31:*.lzma=01;31:*.tlz=01;31:*.txz=01;31:*.tzo=01;31:*.t7z=01;31:*.zip=01;31:*.z=01;31:*.dz=01;31:*.gz=01;31:*.lrz=01;31:*.lz=01;31:*.lzo=01;31:*.xz=01;31:*.zst=01;31:*.tzst=01;31:*.bz2=01;31:*.bz=01;31:*.tbz=01;31:*.tbz2=01;31:*.tz=01;31:*.deb=01;31:*.rpm=01;31:*.jar=01;31:*.war=01;31:*.ear=01;31:*.sar=01;31:*.rar=01;31:*.alz=01;31:*.ace=01;31:*.zoo=01;31:*.cpio=01;31:*.7z=01;31:*.rz=01;31:*.cab=01;31:*.wim=01;31:*.swm=01;31:*.dwm=01;31:*.esd=01;31:*.avif=01;35:*.jpg=01;35:*.jpeg=01;35:*.mjpg=01;35:*.mjpeg=01;35:*.gif=01;35:*.bmp=01;35:*.pbm=01;35:*.pgm=01;35:*.ppm=01;35:*.tga=01;35:*.xbm=01;35:*.xpm=01;35:*.tif=01;35:*.tiff=01;35:*.png=01;35:*.svg=01;35:*.svgz=01;35:*.mng=01;35:*.pcx=01;35:*.mov=01;35:*.mpg=01;35:*.mpeg=01;35:*.m2v=01;35:*.mkv=01;35:*.webm=01;35:*.webp=01;35:*.ogm=01;35:*.mp4=01;35:*.m4v=01;35:*.mp4v=01;35:*.vob=01;35:*.qt=01;35:*.nuv=01;35:*.wmv=01;35:*.asf=01;35:*.rm=01;35:*.rmvb=01;35:*.flc=01;35:*.avi=01;35:*.fli=01;35:*.flv=01;35:*.gl=01;35:*.dl=01;35:*.xcf=01;35:*.xwd=01;35:*.yuv=01;35:*.cgm=01;35:*.emf=01;35:*.ogv=01;35:*.ogx=01;35:*.aac=00;36:*.au=00;36:*.flac=00;36:*.m4a=00;36:*.mid=00;36:*.midi=00;36:*.mka=00;36:*.mp3=00;36:*.mpc=00;36:*.ogg=00;36:*.ra=00;36:*.wav=00;36:*.oga=00;36:*.opus=00;36:*.spx=00;36:*.xspf=00;36:*~=00;90:*#=00;90:*.bak=00;90:*.crdownload=00;90:*.dpkg-dist=00;90:*.dpkg-new=00;90:*.dpkg-old=00;90:*.dpkg-tmp=00;90:*.old=00;90:*.orig=00;90:*.part=00;90:*.rej=00;90:*.rpmnew=00;90:*.rpmorig=00;90:*.rpmsave=00;90:*.swp=00;90:*.tmp=00;90:*.ucf-dist=00;90:*.ucf-new=00;90:*.ucf-old=00;90:', 'AMENT_PREFIX_PATH': '/home/user/ros2_ws/install/my_robot_bringup:/home/user/ros2_ws/install/turtlesim_catch_them_all:/home/user/ros2_ws/install/my_py_pkg:/home/user/ros2_ws/install/my_cpp_pkg:/home/user/ros2_ws/install/actions_py:/home/user/ros2_ws/install/actions_cpp:/home/user/ros2_ws/install/my_robot_interfaces:/home/user/ros2_ws/install/my_robot_description:/home/user/ros2_ws/install/battery_led_panel:/opt/ros/jazzy', 'SHELL': '/bin/bash', 'LESSCLOSE': '/usr/bin/lesspipe %s %s', 'ANDROID_SDK_ROOT': '/home/user/Android/Sdk', 'ROS_AUTOMATIC_DISCOVERY_RANGE': 'SUBNET', 'JAVA_HOME': '/usr/lib/jvm/java-21-openjdk-amd64', 'PWD': '/home/user/ros2_ws/src/build/my_robot_interfaces', 'ANDROID_HOME': '/home/user/Android/Sdk', 'NVM_CD_FLAGS': '', 'PYENV_ROOT': '/home/user/.pyenv', 'XDG_DATA_DIRS': '/usr/local/share:/usr/share:/var/lib/snapd/desktop', 'PYTHONPATH': '/home/user/ros2_ws/build/turtlesim_catch_them_all:/home/user/ros2_ws/install/turtlesim_catch_them_all/lib/python3.12/site-packages:/home/user/ros2_ws/build/my_py_pkg:/home/user/ros2_ws/install/my_py_pkg/lib/python3.12/site-packages:/home/user/ros2_ws/build/actions_py:/home/user/ros2_ws/install/actions_py/lib/python3.12/site-packages:/home/user/ros2_ws/install/my_robot_interfaces/lib/python3.12/site-packages:/home/user/ros2_ws/install/battery_led_panel/lib/python3.12/site-packages:/opt/ros/jazzy/lib/python3.12/site-packages', 'HOMEBREW_REPOSITORY': '/home/linuxbrew/.linuxbrew/Homebrew', 'COLCON': '1', 'WSL2_GUI_APPS_ENABLED': '1', 'HOSTTYPE': 'x86_64', 'CMAKE_PREFIX_PATH': '/home/user/ros2_ws/install/my_robot_bringup:/home/user/ros2_ws/install/my_cpp_pkg:/home/user/ros2_ws/install/actions_cpp:/home/user/ros2_ws/install/my_robot_interfaces:/home/user/ros2_ws/install/my_robot_description:/home/user/ros2_ws/install/battery_led_panel:/opt/ros/jazzy/opt/gz_sim_vendor:/opt/ros/jazzy/opt/gz_sensors_vendor:/opt/ros/jazzy/opt/gz_physics_vendor:/opt/ros/jazzy/opt/sdformat_vendor:/opt/ros/jazzy/opt/gz_gui_vendor:/opt/ros/jazzy/opt/gz_transport_vendor:/opt/ros/jazzy/opt/gz_rendering_vendor:/opt/ros/jazzy/opt/gz_plugin_vendor:/opt/ros/jazzy/opt/gz_fuel_tools_vendor:/opt/ros/jazzy/opt/gz_msgs_vendor:/opt/ros/jazzy/opt/gz_common_vendor:/opt/ros/jazzy/opt/gz_math_vendor:/opt/ros/jazzy/opt/gz_utils_vendor:/opt/ros/jazzy/opt/gz_tools_vendor:/opt/ros/jazzy/opt/gz_ogre_next_vendor:/opt/ros/jazzy/opt/gz_dartsim_vendor:/opt/ros/jazzy/opt/gz_cmake_vendor:/home/user/ros2_ws/install/turtlesim_catch_them_all:/home/user/ros2_ws/install/my_py_pkg:/home/user/ros2_ws/install/actions_py:/opt/ros/jazzy', 'WSLENV': 'WT_SESSION:WT_PROFILE_ID:'}), 'shell': False}
[9.885329] (-) TimerEvent: {}
[9.913316] (my_robot_interfaces) StdoutLine: {'line': b'[  1%] \x1b[34m\x1b[1mGenerating type hashes for ROS interfaces\x1b[0m\n'}
[9.930153] (my_robot_interfaces) StdoutLine: {'line': b'[  1%] Built target ament_cmake_python_copy_my_robot_interfaces\n'}
[9.987958] (-) TimerEvent: {}
[10.088382] (-) TimerEvent: {}
[10.190200] (-) TimerEvent: {}
[10.283440] (my_robot_interfaces) StdoutLine: {'line': b'running egg_info\n'}
[10.284417] (my_robot_interfaces) StdoutLine: {'line': b'creating my_robot_interfaces.egg-info\n'}
[10.290844] (-) TimerEvent: {}
[10.324215] (my_robot_interfaces) StdoutLine: {'line': b'writing my_robot_interfaces.egg-info/PKG-INFO\n'}
[10.324499] (my_robot_interfaces) StdoutLine: {'line': b'writing dependency_links to my_robot_interfaces.egg-info/dependency_links.txt\n'}
[10.324605] (my_robot_interfaces) StdoutLine: {'line': b'writing top-level names to my_robot_interfaces.egg-info/top_level.txt\n'}
[10.324702] (my_robot_interfaces) StdoutLine: {'line': b"writing manifest file 'my_robot_interfaces.egg-info/SOURCES.txt'\n"}
[10.396127] (-) TimerEvent: {}
[10.442291] (my_robot_interfaces) StdoutLine: {'line': b"reading manifest file 'my_robot_interfaces.egg-info/SOURCES.txt'\n"}
[10.442612] (my_robot_interfaces) StdoutLine: {'line': b"writing manifest file 'my_robot_interfaces.egg-info/SOURCES.txt'\n"}
[10.496283] (-) TimerEvent: {}
[10.553540] (my_robot_interfaces) StdoutLine: {'line': b'[  1%] Built target ament_cmake_python_build_my_robot_interfaces_egg\n'}
[10.562646] (my_robot_interfaces) StdoutLine: {'line': b'[  1%] Built target my_robot_interfaces__rosidl_generator_type_description\n'}
[10.583841] (my_robot_interfaces) StdoutLine: {'line': b'[  2%] \x1b[34m\x1b[1mGenerating C code for ROS interfaces\x1b[0m\n'}
[10.596507] (-) TimerEvent: {}
[10.601701] (my_robot_interfaces) StdoutLine: {'line': b'[  2%] \x1b[34m\x1b[1mGenerating C++ code for ROS interfaces\x1b[0m\n'}
[10.696740] (-) TimerEvent: {}
[10.797288] (-) TimerEvent: {}
[10.898120] (-) TimerEvent: {}
[10.998772] (-) TimerEvent: {}
[11.099789] (-) TimerEvent: {}
[11.200341] (-) TimerEvent: {}
[11.304125] (-) TimerEvent: {}
[11.404663] (-) TimerEvent: {}
[11.505582] (-) TimerEvent: {}
[11.606563] (-) TimerEvent: {}
[11.707348] (-) TimerEvent: {}
[11.808442] (-) TimerEvent: {}
[11.909265] (-) TimerEvent: {}
[12.011777] (-) TimerEvent: {}
[12.116532] (-) TimerEvent: {}
[12.217081] (-) TimerEvent: {}
[12.317666] (-) TimerEvent: {}
[12.418388] (-) TimerEvent: {}
[12.524139] (-) TimerEvent: {}
[12.624990] (-) TimerEvent: {}
[12.726108] (-) TimerEvent: {}
[12.826863] (-) TimerEvent: {}
[12.929943] (-) TimerEvent: {}
[13.002008] (my_robot_interfaces) StdoutLine: {'line': b'[  2%] Built target my_robot_interfaces__cpp\n'}
[13.030254] (-) TimerEvent: {}
[13.130810] (-) TimerEvent: {}
[13.231450] (-) TimerEvent: {}
[13.275927] (my_robot_interfaces) StdoutLine: {'line': b'[  3%] \x1b[32mBuilding C object CMakeFiles/my_robot_interfaces__rosidl_generator_c.dir/rosidl_generator_c/my_robot_interfaces/msg/detail/hardware_status__description.c.o\x1b[0m\n'}
[13.276315] (my_robot_interfaces) StdoutLine: {'line': b'[  4%] \x1b[32mBuilding C object CMakeFiles/my_robot_interfaces__rosidl_generator_c.dir/rosidl_generator_c/my_robot_interfaces/msg/detail/hardware_status__type_support.c.o\x1b[0m\n'}
[13.277672] (my_robot_interfaces) StdoutLine: {'line': b'[  5%] \x1b[32mBuilding C object CMakeFiles/my_robot_interfaces__rosidl_generator_c.dir/rosidl_generator_c/my_robot_interfaces/msg/detail/hardware_status__functions.c.o\x1b[0m\n'}
[13.282904] (my_robot_interfaces) StdoutLine: {'line': b'[  6%] \x1b[32mBuilding C object CMakeFiles/my_robot_interfaces__rosidl_generator_c.dir/rosidl_generator_c/my_robot_interfaces/msg/detail/led_state_array__description.c.o\x1b[0m\n'}
[13.332315] (-) TimerEvent: {}
[13.334531] (my_robot_interfaces) StdoutLine: {'line': b'[  7%] \x1b[32mBuilding C object CMakeFiles/my_robot_interfaces__rosidl_generator_c.dir/rosidl_generator_c/my_robot_interfaces/msg/detail/led_state_array__functions.c.o\x1b[0m\n'}
[13.376177] (my_robot_interfaces) StdoutLine: {'line': b'[  7%] \x1b[32mBuilding C object CMakeFiles/my_robot_interfaces__rosidl_generator_c.dir/rosidl_generator_c/my_robot_interfaces/msg/detail/led_state_array__type_support.c.o\x1b[0m\n'}
[13.408491] (my_robot_interfaces) StdoutLine: {'line': b'[  8%] \x1b[32mBuilding C object CMakeFiles/my_robot_interfaces__rosidl_generator_c.dir/rosidl_generator_c/my_robot_interfaces/msg/detail/turtle__description.c.o\x1b[0m\n'}
[13.426773] (my_robot_interfaces) StdoutLine: {'line': b'[  9%] \x1b[32mBuilding C object CMakeFiles/my_robot_interfaces__rosidl_generator_c.dir/rosidl_generator_c/my_robot_interfaces/msg/detail/turtle__functions.c.o\x1b[0m\n'}
[13.432486] (-) TimerEvent: {}
[13.463691] (my_robot_interfaces) StdoutLine: {'line': b'[ 10%] \x1b[32mBuilding C object CMakeFiles/my_robot_interfaces__rosidl_generator_c.dir/rosidl_generator_c/my_robot_interfaces/msg/detail/turtle__type_support.c.o\x1b[0m\n'}
[13.476633] (my_robot_interfaces) StdoutLine: {'line': b'[ 11%] \x1b[32mBuilding C object CMakeFiles/my_robot_interfaces__rosidl_generator_c.dir/rosidl_generator_c/my_robot_interfaces/msg/detail/turtle_array__description.c.o\x1b[0m\n'}
[13.506514] (my_robot_interfaces) StdoutLine: {'line': b'[ 12%] \x1b[32mBuilding C object CMakeFiles/my_robot_interfaces__rosidl_generator_c.dir/rosidl_generator_c/my_robot_interfaces/msg/detail/turtle_array__functions.c.o\x1b[0m\n'}
[13.527643] (my_robot_interfaces) StdoutLine: {'line': b'[ 13%] \x1b[32mBuilding C object CMakeFiles/my_robot_interfaces__rosidl_generator_c.dir/rosidl_generator_c/my_robot_interfaces/msg/detail/turtle_array__type_support.c.o\x1b[0m\n'}
[13.532696] (-) TimerEvent: {}
[13.572995] (my_robot_interfaces) StdoutLine: {'line': b'[ 14%] \x1b[32mBuilding C object CMakeFiles/my_robot_interfaces__rosidl_generator_c.dir/rosidl_generator_c/my_robot_interfaces/srv/detail/compute_rectangle_area__description.c.o\x1b[0m\n'}
[13.594076] (my_robot_interfaces) StdoutLine: {'line': b'[ 14%] \x1b[32mBuilding C object CMakeFiles/my_robot_interfaces__rosidl_generator_c.dir/rosidl_generator_c/my_robot_interfaces/srv/detail/compute_rectangle_area__functions.c.o\x1b[0m\n'}
[13.606775] (my_robot_interfaces) StdoutLine: {'line': b'[ 15%] \x1b[32mBuilding C object CMakeFiles/my_robot_interfaces__rosidl_generator_c.dir/rosidl_generator_c/my_robot_interfaces/srv/detail/compute_rectangle_area__type_support.c.o\x1b[0m\n'}
[13.637042] (-) TimerEvent: {}
[13.676256] (my_robot_interfaces) StdoutLine: {'line': b'[ 16%] \x1b[32mBuilding C object CMakeFiles/my_robot_interfaces__rosidl_generator_c.dir/rosidl_generator_c/my_robot_interfaces/srv/detail/set_led__description.c.o\x1b[0m\n'}
[13.698762] (my_robot_interfaces) StdoutLine: {'line': b'[ 17%] \x1b[32mBuilding C object CMakeFiles/my_robot_interfaces__rosidl_generator_c.dir/rosidl_generator_c/my_robot_interfaces/srv/detail/set_led__functions.c.o\x1b[0m\n'}
[13.722757] (my_robot_interfaces) StdoutLine: {'line': b'[ 18%] \x1b[32mBuilding C object CMakeFiles/my_robot_interfaces__rosidl_generator_c.dir/rosidl_generator_c/my_robot_interfaces/srv/detail/set_led__type_support.c.o\x1b[0m\n'}
[13.737295] (-) TimerEvent: {}
[13.791897] (my_robot_interfaces) StdoutLine: {'line': b'[ 19%] \x1b[32mBuilding C object CMakeFiles/my_robot_interfaces__rosidl_generator_c.dir/rosidl_generator_c/my_robot_interfaces/srv/detail/catch_turtle__description.c.o\x1b[0m\n'}
[13.809817] (my_robot_interfaces) StdoutLine: {'line': b'[ 20%] \x1b[32mBuilding C object CMakeFiles/my_robot_interfaces__rosidl_generator_c.dir/rosidl_generator_c/my_robot_interfaces/srv/detail/catch_turtle__functions.c.o\x1b[0m\n'}
[13.820105] (my_robot_interfaces) StdoutLine: {'line': b'[ 21%] \x1b[32mBuilding C object CMakeFiles/my_robot_interfaces__rosidl_generator_c.dir/rosidl_generator_c/my_robot_interfaces/srv/detail/catch_turtle__type_support.c.o\x1b[0m\n'}
[13.837537] (-) TimerEvent: {}
[13.910467] (my_robot_interfaces) StdoutLine: {'line': b'[ 21%] \x1b[32mBuilding C object CMakeFiles/my_robot_interfaces__rosidl_generator_c.dir/rosidl_generator_c/my_robot_interfaces/action/detail/count_until__description.c.o\x1b[0m\n'}
[13.932222] (my_robot_interfaces) StdoutLine: {'line': b'[ 22%] \x1b[32mBuilding C object CMakeFiles/my_robot_interfaces__rosidl_generator_c.dir/rosidl_generator_c/my_robot_interfaces/action/detail/count_until__functions.c.o\x1b[0m\n'}
[13.937818] (-) TimerEvent: {}
[13.965249] (my_robot_interfaces) StdoutLine: {'line': b'[ 23%] \x1b[32mBuilding C object CMakeFiles/my_robot_interfaces__rosidl_generator_c.dir/rosidl_generator_c/my_robot_interfaces/action/detail/count_until__type_support.c.o\x1b[0m\n'}
[13.974458] (my_robot_interfaces) StdoutLine: {'line': b'[ 24%] \x1b[32mBuilding C object CMakeFiles/my_robot_interfaces__rosidl_generator_c.dir/rosidl_generator_c/my_robot_interfaces/action/detail/move_robot__description.c.o\x1b[0m\n'}
[14.044128] (-) TimerEvent: {}
[14.094215] (my_robot_interfaces) StdoutLine: {'line': b'[ 25%] \x1b[32mBuilding C object CMakeFiles/my_robot_interfaces__rosidl_generator_c.dir/rosidl_generator_c/my_robot_interfaces/action/detail/move_robot__functions.c.o\x1b[0m\n'}
[14.144327] (-) TimerEvent: {}
[14.145184] (my_robot_interfaces) StdoutLine: {'line': b'[ 26%] \x1b[32mBuilding C object CMakeFiles/my_robot_interfaces__rosidl_generator_c.dir/rosidl_generator_c/my_robot_interfaces/action/detail/move_robot__type_support.c.o\x1b[0m\n'}
[14.244522] (-) TimerEvent: {}
[14.345438] (-) TimerEvent: {}
[14.366117] (my_robot_interfaces) StdoutLine: {'line': b'[ 27%] \x1b[32m\x1b[1mLinking C shared library libmy_robot_interfaces__rosidl_generator_c.so\x1b[0m\n'}
[14.445745] (-) TimerEvent: {}
[14.546379] (-) TimerEvent: {}
[14.647137] (-) TimerEvent: {}
[14.741238] (my_robot_interfaces) StdoutLine: {'line': b'[ 27%] Built target my_robot_interfaces__rosidl_generator_c\n'}
[14.752169] (-) TimerEvent: {}
[14.764183] (my_robot_interfaces) StdoutLine: {'line': b'[ 28%] \x1b[34m\x1b[1mGenerating C introspection for ROS interfaces\x1b[0m\n'}
[14.765941] (my_robot_interfaces) StdoutLine: {'line': b'[ 30%] \x1b[34m\x1b[1mGenerating C type support for eProsima Fast-RTPS\x1b[0m\n'}
[14.770496] (my_robot_interfaces) StdoutLine: {'line': b'[ 30%] \x1b[34m\x1b[1mGenerating C++ type support dispatch for ROS interfaces\x1b[0m\n'}
[14.804152] (my_robot_interfaces) StdoutLine: {'line': b'[ 31%] \x1b[34m\x1b[1mGenerating C type support dispatch for ROS interfaces\x1b[0m\n'}
[14.852393] (-) TimerEvent: {}
[14.953104] (-) TimerEvent: {}
[15.053776] (-) TimerEvent: {}
[15.154437] (-) TimerEvent: {}
[15.256361] (-) TimerEvent: {}
[15.364426] (-) TimerEvent: {}
[15.464969] (-) TimerEvent: {}
[15.565790] (-) TimerEvent: {}
[15.669566] (-) TimerEvent: {}
[15.770350] (-) TimerEvent: {}
[15.871028] (-) TimerEvent: {}
[15.971963] (-) TimerEvent: {}
[16.072526] (-) TimerEvent: {}
[16.173073] (-) TimerEvent: {}
[16.280278] (-) TimerEvent: {}
[16.380771] (-) TimerEvent: {}
[16.481400] (-) TimerEvent: {}
[16.582015] (-) TimerEvent: {}
[16.643367] (my_robot_interfaces) StdoutLine: {'line': b'[ 32%] \x1b[32mBuilding CXX object CMakeFiles/my_robot_interfaces__rosidl_typesupport_cpp.dir/rosidl_typesupport_cpp/my_robot_interfaces/msg/hardware_status__type_support.cpp.o\x1b[0m\n'}
[16.682306] (-) TimerEvent: {}
[16.778275] (my_robot_interfaces) StdoutLine: {'line': b'[ 33%] \x1b[32mBuilding CXX object CMakeFiles/my_robot_interfaces__rosidl_typesupport_c.dir/rosidl_typesupport_c/my_robot_interfaces/msg/hardware_status__type_support.cpp.o\x1b[0m\n'}
[16.782914] (-) TimerEvent: {}
[16.886890] (my_robot_interfaces) StdoutLine: {'line': b'[ 34%] \x1b[32mBuilding CXX object CMakeFiles/my_robot_interfaces__rosidl_typesupport_c.dir/rosidl_typesupport_c/my_robot_interfaces/msg/led_state_array__type_support.cpp.o\x1b[0m\n'}
[16.887295] (-) TimerEvent: {}
[16.977385] (my_robot_interfaces) StdoutLine: {'line': b'[ 35%] \x1b[32mBuilding CXX object CMakeFiles/my_robot_interfaces__rosidl_typesupport_c.dir/rosidl_typesupport_c/my_robot_interfaces/msg/turtle__type_support.cpp.o\x1b[0m\n'}
[16.987981] (-) TimerEvent: {}
[17.075418] (my_robot_interfaces) StdoutLine: {'line': b'[ 36%] \x1b[32mBuilding CXX object CMakeFiles/my_robot_interfaces__rosidl_typesupport_c.dir/rosidl_typesupport_c/my_robot_interfaces/msg/turtle_array__type_support.cpp.o\x1b[0m\n'}
[17.088088] (-) TimerEvent: {}
[17.166840] (my_robot_interfaces) StdoutLine: {'line': b'[ 37%] \x1b[32mBuilding CXX object CMakeFiles/my_robot_interfaces__rosidl_typesupport_c.dir/rosidl_typesupport_c/my_robot_interfaces/srv/compute_rectangle_area__type_support.cpp.o\x1b[0m\n'}
[17.188230] (-) TimerEvent: {}
[17.289804] (my_robot_interfaces) StdoutLine: {'line': b'[ 37%] \x1b[32mBuilding CXX object CMakeFiles/my_robot_interfaces__rosidl_typesupport_c.dir/rosidl_typesupport_c/my_robot_interfaces/srv/set_led__type_support.cpp.o\x1b[0m\n'}
[17.290140] (-) TimerEvent: {}
[17.392143] (-) TimerEvent: {}
[17.401185] (my_robot_interfaces) StdoutLine: {'line': b'[ 38%] \x1b[32mBuilding CXX object CMakeFiles/my_robot_interfaces__rosidl_typesupport_c.dir/rosidl_typesupport_c/my_robot_interfaces/srv/catch_turtle__type_support.cpp.o\x1b[0m\n'}
[17.492866] (-) TimerEvent: {}
[17.517854] (my_robot_interfaces) StdoutLine: {'line': b'[ 39%] \x1b[32mBuilding CXX object CMakeFiles/my_robot_interfaces__rosidl_typesupport_c.dir/rosidl_typesupport_c/my_robot_interfaces/action/count_until__type_support.cpp.o\x1b[0m\n'}
[17.593242] (-) TimerEvent: {}
[17.672151] (my_robot_interfaces) StdoutLine: {'line': b'[ 40%] \x1b[32mBuilding CXX object CMakeFiles/my_robot_interfaces__rosidl_typesupport_c.dir/rosidl_typesupport_c/my_robot_interfaces/action/move_robot__type_support.cpp.o\x1b[0m\n'}
[17.672454] (my_robot_interfaces) StdoutLine: {'line': b'[ 41%] \x1b[32mBuilding CXX object CMakeFiles/my_robot_interfaces__rosidl_typesupport_cpp.dir/rosidl_typesupport_cpp/my_robot_interfaces/msg/led_state_array__type_support.cpp.o\x1b[0m\n'}
[17.693509] (-) TimerEvent: {}
[17.779384] (my_robot_interfaces) StdoutLine: {'line': b'[ 42%] \x1b[32m\x1b[1mLinking CXX shared library libmy_robot_interfaces__rosidl_typesupport_c.so\x1b[0m\n'}
[17.793764] (-) TimerEvent: {}
[17.895547] (-) TimerEvent: {}
[17.896152] (my_robot_interfaces) StderrLine: {'line': b"gmake[2]: Warning: File 'rosidl_typesupport_introspection_c/my_robot_interfaces/msg/detail/hardware_status__rosidl_typesupport_introspection_c.h' has modification time 0.014 s in the future\n"}
[17.995992] (-) TimerEvent: {}
[18.096498] (-) TimerEvent: {}
[18.152777] (my_robot_interfaces) StdoutLine: {'line': b'[ 43%] \x1b[32mBuilding C object CMakeFiles/my_robot_interfaces__rosidl_typesupport_introspection_c.dir/rosidl_typesupport_introspection_c/my_robot_interfaces/msg/detail/hardware_status__type_support.c.o\x1b[0m\n'}
[18.197925] (-) TimerEvent: {}
[18.231989] (my_robot_interfaces) StdoutLine: {'line': b'[ 43%] Built target my_robot_interfaces__rosidl_typesupport_c\n'}
[18.247120] (my_robot_interfaces) StdoutLine: {'line': b'[ 44%] \x1b[32mBuilding C object CMakeFiles/my_robot_interfaces__rosidl_typesupport_introspection_c.dir/rosidl_typesupport_introspection_c/my_robot_interfaces/msg/detail/led_state_array__type_support.c.o\x1b[0m\n'}
[18.250523] (my_robot_interfaces) StdoutLine: {'line': b'[ 44%] \x1b[32mBuilding C object CMakeFiles/my_robot_interfaces__rosidl_typesupport_introspection_c.dir/rosidl_typesupport_introspection_c/my_robot_interfaces/msg/detail/turtle__type_support.c.o\x1b[0m\n'}
[18.298274] (-) TimerEvent: {}
[18.374921] (my_robot_interfaces) StdoutLine: {'line': b'[ 45%] \x1b[32mBuilding CXX object CMakeFiles/my_robot_interfaces__rosidl_typesupport_cpp.dir/rosidl_typesupport_cpp/my_robot_interfaces/msg/turtle__type_support.cpp.o\x1b[0m\n'}
[18.379721] (my_robot_interfaces) StdoutLine: {'line': b'[ 46%] \x1b[32mBuilding C object CMakeFiles/my_robot_interfaces__rosidl_typesupport_introspection_c.dir/rosidl_typesupport_introspection_c/my_robot_interfaces/msg/detail/turtle_array__type_support.c.o\x1b[0m\n'}
[18.398786] (-) TimerEvent: {}
[18.411625] (my_robot_interfaces) StdoutLine: {'line': b'[ 47%] \x1b[32mBuilding C object CMakeFiles/my_robot_interfaces__rosidl_typesupport_introspection_c.dir/rosidl_typesupport_introspection_c/my_robot_interfaces/srv/detail/compute_rectangle_area__type_support.c.o\x1b[0m\n'}
[18.499089] (-) TimerEvent: {}
[18.499660] (my_robot_interfaces) StdoutLine: {'line': b'[ 48%] \x1b[32mBuilding C object CMakeFiles/my_robot_interfaces__rosidl_typesupport_introspection_c.dir/rosidl_typesupport_introspection_c/my_robot_interfaces/srv/detail/set_led__type_support.c.o\x1b[0m\n'}
[18.542718] (my_robot_interfaces) StdoutLine: {'line': b'[ 49%] \x1b[32mBuilding C object CMakeFiles/my_robot_interfaces__rosidl_typesupport_introspection_c.dir/rosidl_typesupport_introspection_c/my_robot_interfaces/srv/detail/catch_turtle__type_support.c.o\x1b[0m\n'}
[18.599499] (-) TimerEvent: {}
[18.657501] (my_robot_interfaces) StdoutLine: {'line': b'[ 50%] \x1b[32mBuilding C object CMakeFiles/my_robot_interfaces__rosidl_typesupport_introspection_c.dir/rosidl_typesupport_introspection_c/my_robot_interfaces/action/detail/count_until__type_support.c.o\x1b[0m\n'}
[18.676163] (my_robot_interfaces) StdoutLine: {'line': b'[ 50%] \x1b[32mBuilding CXX object CMakeFiles/my_robot_interfaces__rosidl_typesupport_fastrtps_c.dir/rosidl_typesupport_fastrtps_c/my_robot_interfaces/msg/detail/hardware_status__type_support_c.cpp.o\x1b[0m\n'}
[18.686581] (my_robot_interfaces) StdoutLine: {'line': b'[ 50%] \x1b[32mBuilding CXX object CMakeFiles/my_robot_interfaces__rosidl_typesupport_cpp.dir/rosidl_typesupport_cpp/my_robot_interfaces/msg/turtle_array__type_support.cpp.o\x1b[0m\n'}
[18.699972] (-) TimerEvent: {}
[18.803510] (my_robot_interfaces) StdoutLine: {'line': b'[ 51%] \x1b[32mBuilding C object CMakeFiles/my_robot_interfaces__rosidl_typesupport_introspection_c.dir/rosidl_typesupport_introspection_c/my_robot_interfaces/action/detail/move_robot__type_support.c.o\x1b[0m\n'}
[18.803914] (-) TimerEvent: {}
[18.908076] (-) TimerEvent: {}
[18.973874] (my_robot_interfaces) StdoutLine: {'line': b'[ 52%] \x1b[32m\x1b[1mLinking C shared library libmy_robot_interfaces__rosidl_typesupport_introspection_c.so\x1b[0m\n'}
[19.008272] (-) TimerEvent: {}
[19.108881] (-) TimerEvent: {}
[19.210443] (-) TimerEvent: {}
[19.264075] (my_robot_interfaces) StdoutLine: {'line': b'[ 53%] \x1b[32mBuilding CXX object CMakeFiles/my_robot_interfaces__rosidl_typesupport_fastrtps_c.dir/rosidl_typesupport_fastrtps_c/my_robot_interfaces/msg/detail/led_state_array__type_support_c.cpp.o\x1b[0m\n'}
[19.315631] (-) TimerEvent: {}
[19.416158] (-) TimerEvent: {}
[19.496216] (my_robot_interfaces) StdoutLine: {'line': b'[ 54%] \x1b[32mBuilding CXX object CMakeFiles/my_robot_interfaces__rosidl_typesupport_cpp.dir/rosidl_typesupport_cpp/my_robot_interfaces/srv/compute_rectangle_area__type_support.cpp.o\x1b[0m\n'}
[19.516464] (-) TimerEvent: {}
[19.530210] (my_robot_interfaces) StderrLine: {'line': b'gmake[2]: warning:  Clock skew detected.  Your build may be incomplete.\n'}
[19.551066] (my_robot_interfaces) StdoutLine: {'line': b'[ 54%] Built target my_robot_interfaces__rosidl_typesupport_introspection_c\n'}
[19.576794] (my_robot_interfaces) StdoutLine: {'line': b'[ 55%] \x1b[32mBuilding CXX object CMakeFiles/my_robot_interfaces__rosidl_typesupport_fastrtps_c.dir/rosidl_typesupport_fastrtps_c/my_robot_interfaces/msg/detail/turtle__type_support_c.cpp.o\x1b[0m\n'}
[19.623498] (-) TimerEvent: {}
[19.724389] (-) TimerEvent: {}
[19.825781] (-) TimerEvent: {}
[19.927116] (-) TimerEvent: {}
[20.032427] (-) TimerEvent: {}
[20.136064] (-) TimerEvent: {}
[20.236625] (-) TimerEvent: {}
[20.337301] (-) TimerEvent: {}
[20.439011] (-) TimerEvent: {}
[20.544740] (-) TimerEvent: {}
[20.646727] (-) TimerEvent: {}
[20.683069] (my_robot_interfaces) StdoutLine: {'line': b'[ 56%] \x1b[32mBuilding CXX object CMakeFiles/my_robot_interfaces__rosidl_typesupport_fastrtps_c.dir/rosidl_typesupport_fastrtps_c/my_robot_interfaces/msg/detail/turtle_array__type_support_c.cpp.o\x1b[0m\n'}
[20.747045] (-) TimerEvent: {}
[20.847837] (-) TimerEvent: {}
[20.920368] (my_robot_interfaces) StdoutLine: {'line': b'[ 57%] \x1b[32mBuilding CXX object CMakeFiles/my_robot_interfaces__rosidl_typesupport_cpp.dir/rosidl_typesupport_cpp/my_robot_interfaces/srv/set_led__type_support.cpp.o\x1b[0m\n'}
[20.952185] (-) TimerEvent: {}
[20.979541] (my_robot_interfaces) StdoutLine: {'line': b'[ 58%] \x1b[34m\x1b[1mGenerating C++ type support for eProsima Fast-RTPS\x1b[0m\n'}
[21.052574] (-) TimerEvent: {}
[21.156530] (-) TimerEvent: {}
[21.257324] (-) TimerEvent: {}
[21.357873] (-) TimerEvent: {}
[21.367125] (my_robot_interfaces) StdoutLine: {'line': b'[ 59%] \x1b[32mBuilding CXX object CMakeFiles/my_robot_interfaces__rosidl_typesupport_fastrtps_c.dir/rosidl_typesupport_fastrtps_c/my_robot_interfaces/srv/detail/compute_rectangle_area__type_support_c.cpp.o\x1b[0m\n'}
[21.458443] (-) TimerEvent: {}
[21.560969] (-) TimerEvent: {}
[21.666717] (-) TimerEvent: {}
[21.767626] (-) TimerEvent: {}
[21.880126] (-) TimerEvent: {}
[21.980773] (-) TimerEvent: {}
[22.081377] (-) TimerEvent: {}
[22.181437] (my_robot_interfaces) StdoutLine: {'line': b'[ 60%] \x1b[32mBuilding CXX object CMakeFiles/my_robot_interfaces__rosidl_typesupport_fastrtps_c.dir/rosidl_typesupport_fastrtps_c/my_robot_interfaces/srv/detail/set_led__type_support_c.cpp.o\x1b[0m\n'}
[22.181767] (-) TimerEvent: {}
[22.282274] (-) TimerEvent: {}
[22.388050] (-) TimerEvent: {}
[22.488523] (-) TimerEvent: {}
[22.491542] (my_robot_interfaces) StdoutLine: {'line': b'[ 61%] \x1b[32mBuilding CXX object CMakeFiles/my_robot_interfaces__rosidl_typesupport_cpp.dir/rosidl_typesupport_cpp/my_robot_interfaces/srv/catch_turtle__type_support.cpp.o\x1b[0m\n'}
[22.588719] (-) TimerEvent: {}
[22.692660] (-) TimerEvent: {}
[22.800174] (-) TimerEvent: {}
[22.900747] (-) TimerEvent: {}
[23.012162] (-) TimerEvent: {}
[23.116054] (-) TimerEvent: {}
[23.216676] (-) TimerEvent: {}
[23.328140] (-) TimerEvent: {}
[23.432081] (-) TimerEvent: {}
[23.532603] (-) TimerEvent: {}
[23.633252] (-) TimerEvent: {}
[23.734166] (-) TimerEvent: {}
[23.801492] (my_robot_interfaces) StdoutLine: {'line': b'[ 62%] \x1b[32mBuilding CXX object CMakeFiles/my_robot_interfaces__rosidl_typesupport_fastrtps_c.dir/rosidl_typesupport_fastrtps_c/my_robot_interfaces/srv/detail/catch_turtle__type_support_c.cpp.o\x1b[0m\n'}
[23.834701] (-) TimerEvent: {}
[23.927362] (my_robot_interfaces) StdoutLine: {'line': b'[ 63%] \x1b[32mBuilding CXX object CMakeFiles/my_robot_interfaces__rosidl_typesupport_cpp.dir/rosidl_typesupport_cpp/my_robot_interfaces/action/count_until__type_support.cpp.o\x1b[0m\n'}
[23.935237] (-) TimerEvent: {}
[24.035778] (-) TimerEvent: {}
[24.099403] (my_robot_interfaces) StdoutLine: {'line': b'[ 63%] \x1b[34m\x1b[1mGenerating C++ introspection for ROS interfaces\x1b[0m\n'}
[24.140121] (-) TimerEvent: {}
[24.244152] (-) TimerEvent: {}
[24.344827] (-) TimerEvent: {}
[24.445493] (-) TimerEvent: {}
[24.546177] (-) TimerEvent: {}
[24.647436] (-) TimerEvent: {}
[24.748438] (-) TimerEvent: {}
[24.852258] (-) TimerEvent: {}
[24.952992] (-) TimerEvent: {}
[25.053580] (-) TimerEvent: {}
[25.154247] (-) TimerEvent: {}
[25.255132] (-) TimerEvent: {}
[25.342230] (my_robot_interfaces) StdoutLine: {'line': b'[ 64%] \x1b[32mBuilding CXX object CMakeFiles/my_robot_interfaces__rosidl_typesupport_fastrtps_c.dir/rosidl_typesupport_fastrtps_c/my_robot_interfaces/action/detail/count_until__type_support_c.cpp.o\x1b[0m\n'}
[25.355599] (-) TimerEvent: {}
[25.456880] (-) TimerEvent: {}
[25.557966] (-) TimerEvent: {}
[25.664050] (-) TimerEvent: {}
[25.764718] (-) TimerEvent: {}
[25.865353] (-) TimerEvent: {}
[25.951143] (my_robot_interfaces) StdoutLine: {'line': b'[ 65%] \x1b[32mBuilding CXX object CMakeFiles/my_robot_interfaces__rosidl_typesupport_fastrtps_cpp.dir/rosidl_typesupport_fastrtps_cpp/my_robot_interfaces/msg/detail/dds_fastrtps/hardware_status__type_support.cpp.o\x1b[0m\n'}
[25.965600] (-) TimerEvent: {}
[26.066252] (-) TimerEvent: {}
[26.172734] (-) TimerEvent: {}
[26.188375] (my_robot_interfaces) StdoutLine: {'line': b'[ 66%] \x1b[32mBuilding CXX object CMakeFiles/my_robot_interfaces__rosidl_typesupport_cpp.dir/rosidl_typesupport_cpp/my_robot_interfaces/action/move_robot__type_support.cpp.o\x1b[0m\n'}
[26.279706] (-) TimerEvent: {}
[26.380931] (-) TimerEvent: {}
[26.481935] (-) TimerEvent: {}
[26.582927] (-) TimerEvent: {}
[26.683868] (-) TimerEvent: {}
[26.803922] (-) TimerEvent: {}
[26.904460] (-) TimerEvent: {}
[27.005041] (-) TimerEvent: {}
[27.105621] (-) TimerEvent: {}
[27.127700] (my_robot_interfaces) StdoutLine: {'line': b'[ 66%] \x1b[32mBuilding CXX object CMakeFiles/my_robot_interfaces__rosidl_typesupport_fastrtps_c.dir/rosidl_typesupport_fastrtps_c/my_robot_interfaces/action/detail/move_robot__type_support_c.cpp.o\x1b[0m\n'}
[27.205935] (-) TimerEvent: {}
[27.308970] (-) TimerEvent: {}
[27.310079] (my_robot_interfaces) StdoutLine: {'line': b'[ 67%] \x1b[32mBuilding CXX object CMakeFiles/my_robot_interfaces__rosidl_typesupport_introspection_cpp.dir/rosidl_typesupport_introspection_cpp/my_robot_interfaces/msg/detail/hardware_status__type_support.cpp.o\x1b[0m\n'}
[27.395985] (my_robot_interfaces) StdoutLine: {'line': b'[ 68%] \x1b[32mBuilding CXX object CMakeFiles/my_robot_interfaces__rosidl_typesupport_fastrtps_cpp.dir/rosidl_typesupport_fastrtps_cpp/my_robot_interfaces/msg/detail/dds_fastrtps/led_state_array__type_support.cpp.o\x1b[0m\n'}
[27.409193] (-) TimerEvent: {}
[27.509716] (-) TimerEvent: {}
[27.610557] (-) TimerEvent: {}
[27.711912] (-) TimerEvent: {}
[27.812590] (-) TimerEvent: {}
[27.913357] (-) TimerEvent: {}
[28.014090] (-) TimerEvent: {}
[28.117595] (-) TimerEvent: {}
[28.218295] (-) TimerEvent: {}
[28.324673] (-) TimerEvent: {}
[28.353943] (my_robot_interfaces) StdoutLine: {'line': b'[ 69%] \x1b[32mBuilding CXX object CMakeFiles/my_robot_interfaces__rosidl_typesupport_introspection_cpp.dir/rosidl_typesupport_introspection_cpp/my_robot_interfaces/msg/detail/led_state_array__type_support.cpp.o\x1b[0m\n'}
[28.393418] (my_robot_interfaces) StdoutLine: {'line': b'[ 70%] \x1b[32m\x1b[1mLinking CXX shared library libmy_robot_interfaces__rosidl_typesupport_cpp.so\x1b[0m\n'}
[28.428072] (-) TimerEvent: {}
[28.535667] (-) TimerEvent: {}
[28.637463] (-) TimerEvent: {}
[28.739372] (-) TimerEvent: {}
[28.841602] (my_robot_interfaces) StdoutLine: {'line': b'[ 71%] \x1b[32mBuilding CXX object CMakeFiles/my_robot_interfaces__rosidl_typesupport_fastrtps_cpp.dir/rosidl_typesupport_fastrtps_cpp/my_robot_interfaces/msg/detail/dds_fastrtps/turtle__type_support.cpp.o\x1b[0m\n'}
[28.841844] (-) TimerEvent: {}
[28.934434] (my_robot_interfaces) StdoutLine: {'line': b'[ 72%] \x1b[32m\x1b[1mLinking CXX shared library libmy_robot_interfaces__rosidl_typesupport_fastrtps_c.so\x1b[0m\n'}
[28.942166] (-) TimerEvent: {}
[29.042829] (-) TimerEvent: {}
[29.067414] (my_robot_interfaces) StdoutLine: {'line': b'[ 72%] Built target my_robot_interfaces__rosidl_typesupport_cpp\n'}
[29.092963] (my_robot_interfaces) StdoutLine: {'line': b'[ 73%] \x1b[32mBuilding CXX object CMakeFiles/my_robot_interfaces__rosidl_typesupport_introspection_cpp.dir/rosidl_typesupport_introspection_cpp/my_robot_interfaces/msg/detail/turtle__type_support.cpp.o\x1b[0m\n'}
[29.143305] (-) TimerEvent: {}
[29.246397] (-) TimerEvent: {}
[29.297325] (my_robot_interfaces) StdoutLine: {'line': b'[ 74%] \x1b[32mBuilding CXX object CMakeFiles/my_robot_interfaces__rosidl_typesupport_fastrtps_cpp.dir/rosidl_typesupport_fastrtps_cpp/my_robot_interfaces/msg/detail/dds_fastrtps/turtle_array__type_support.cpp.o\x1b[0m\n'}
[29.356154] (-) TimerEvent: {}
[29.456742] (-) TimerEvent: {}
[29.557488] (-) TimerEvent: {}
[29.571812] (my_robot_interfaces) StdoutLine: {'line': b'[ 74%] Built target my_robot_interfaces__rosidl_typesupport_fastrtps_c\n'}
[29.597275] (my_robot_interfaces) StdoutLine: {'line': b'[ 75%] \x1b[32mBuilding CXX object CMakeFiles/my_robot_interfaces__rosidl_typesupport_fastrtps_cpp.dir/rosidl_typesupport_fastrtps_cpp/my_robot_interfaces/srv/detail/dds_fastrtps/compute_rectangle_area__type_support.cpp.o\x1b[0m\n'}
[29.657776] (-) TimerEvent: {}
[29.758322] (-) TimerEvent: {}
[29.859044] (-) TimerEvent: {}
[29.952702] (my_robot_interfaces) StdoutLine: {'line': b'[ 76%] \x1b[32mBuilding CXX object CMakeFiles/my_robot_interfaces__rosidl_typesupport_introspection_cpp.dir/rosidl_typesupport_introspection_cpp/my_robot_interfaces/msg/detail/turtle_array__type_support.cpp.o\x1b[0m\n'}
[29.964358] (-) TimerEvent: {}
[30.068276] (-) TimerEvent: {}
[30.168921] (-) TimerEvent: {}
[30.192260] (my_robot_interfaces) StdoutLine: {'line': b'[ 77%] \x1b[32mBuilding CXX object CMakeFiles/my_robot_interfaces__rosidl_typesupport_introspection_cpp.dir/rosidl_typesupport_introspection_cpp/my_robot_interfaces/srv/detail/compute_rectangle_area__type_support.cpp.o\x1b[0m\n'}
[30.269346] (-) TimerEvent: {}
[30.376477] (-) TimerEvent: {}
[30.477147] (-) TimerEvent: {}
[30.583679] (-) TimerEvent: {}
[30.684632] (-) TimerEvent: {}
[30.788199] (-) TimerEvent: {}
[30.815822] (my_robot_interfaces) StdoutLine: {'line': b'[ 78%] \x1b[32mBuilding CXX object CMakeFiles/my_robot_interfaces__rosidl_typesupport_introspection_cpp.dir/rosidl_typesupport_introspection_cpp/my_robot_interfaces/srv/detail/set_led__type_support.cpp.o\x1b[0m\n'}
[30.888814] (-) TimerEvent: {}
[30.991279] (-) TimerEvent: {}
[31.095933] (-) TimerEvent: {}
[31.163664] (my_robot_interfaces) StdoutLine: {'line': b'[ 78%] \x1b[32mBuilding CXX object CMakeFiles/my_robot_interfaces__rosidl_typesupport_fastrtps_cpp.dir/rosidl_typesupport_fastrtps_cpp/my_robot_interfaces/srv/detail/dds_fastrtps/set_led__type_support.cpp.o\x1b[0m\n'}
[31.196154] (-) TimerEvent: {}
[31.296802] (-) TimerEvent: {}
[31.402201] (-) TimerEvent: {}
[31.431454] (my_robot_interfaces) StdoutLine: {'line': b'[ 79%] \x1b[32mBuilding CXX object CMakeFiles/my_robot_interfaces__rosidl_typesupport_fastrtps_cpp.dir/rosidl_typesupport_fastrtps_cpp/my_robot_interfaces/srv/detail/dds_fastrtps/catch_turtle__type_support.cpp.o\x1b[0m\n'}
[31.502564] (-) TimerEvent: {}
[31.604854] (-) TimerEvent: {}
[31.708143] (-) TimerEvent: {}
[31.807582] (my_robot_interfaces) StdoutLine: {'line': b'[ 80%] \x1b[32mBuilding CXX object CMakeFiles/my_robot_interfaces__rosidl_typesupport_fastrtps_cpp.dir/rosidl_typesupport_fastrtps_cpp/my_robot_interfaces/action/detail/dds_fastrtps/count_until__type_support.cpp.o\x1b[0m\n'}
[31.812386] (-) TimerEvent: {}
[31.913189] (-) TimerEvent: {}
[32.013827] (-) TimerEvent: {}
[32.055018] (my_robot_interfaces) StdoutLine: {'line': b'[ 81%] \x1b[32mBuilding CXX object CMakeFiles/my_robot_interfaces__rosidl_typesupport_introspection_cpp.dir/rosidl_typesupport_introspection_cpp/my_robot_interfaces/srv/detail/catch_turtle__type_support.cpp.o\x1b[0m\n'}
[32.114136] (-) TimerEvent: {}
[32.214750] (-) TimerEvent: {}
[32.315354] (-) TimerEvent: {}
[32.416183] (-) TimerEvent: {}
[32.517863] (-) TimerEvent: {}
[32.621788] (-) TimerEvent: {}
[32.722473] (-) TimerEvent: {}
[32.823252] (-) TimerEvent: {}
[32.924184] (-) TimerEvent: {}
[33.025063] (-) TimerEvent: {}
[33.029217] (my_robot_interfaces) StdoutLine: {'line': b'[ 82%] \x1b[32mBuilding CXX object CMakeFiles/my_robot_interfaces__rosidl_typesupport_fastrtps_cpp.dir/rosidl_typesupport_fastrtps_cpp/my_robot_interfaces/action/detail/dds_fastrtps/move_robot__type_support.cpp.o\x1b[0m\n'}
[33.125387] (-) TimerEvent: {}
[33.226292] (-) TimerEvent: {}
[33.275880] (my_robot_interfaces) StdoutLine: {'line': b'[ 83%] \x1b[32mBuilding CXX object CMakeFiles/my_robot_interfaces__rosidl_typesupport_introspection_cpp.dir/rosidl_typesupport_introspection_cpp/my_robot_interfaces/action/detail/move_robot__type_support.cpp.o\x1b[0m\n'}
[33.295022] (my_robot_interfaces) StdoutLine: {'line': b'[ 83%] \x1b[32mBuilding CXX object CMakeFiles/my_robot_interfaces__rosidl_typesupport_introspection_cpp.dir/rosidl_typesupport_introspection_cpp/my_robot_interfaces/action/detail/count_until__type_support.cpp.o\x1b[0m\n'}
[33.326608] (-) TimerEvent: {}
[33.432486] (-) TimerEvent: {}
[33.533092] (-) TimerEvent: {}
[33.633851] (-) TimerEvent: {}
[33.734734] (-) TimerEvent: {}
[33.835603] (-) TimerEvent: {}
[33.936223] (-) TimerEvent: {}
[34.036931] (-) TimerEvent: {}
[34.144349] (-) TimerEvent: {}
[34.245135] (-) TimerEvent: {}
[34.345715] (-) TimerEvent: {}
[34.446715] (-) TimerEvent: {}
[34.547517] (-) TimerEvent: {}
[34.652462] (-) TimerEvent: {}
[34.753007] (-) TimerEvent: {}
[34.853678] (-) TimerEvent: {}
[34.954507] (-) TimerEvent: {}
[35.055712] (-) TimerEvent: {}
[35.157126] (-) TimerEvent: {}
[35.257845] (-) TimerEvent: {}
[35.360809] (-) TimerEvent: {}
[35.500130] (-) TimerEvent: {}
[35.605449] (-) TimerEvent: {}
[35.694960] (my_robot_interfaces) StdoutLine: {'line': b'[ 84%] \x1b[32m\x1b[1mLinking CXX shared library libmy_robot_interfaces__rosidl_typesupport_introspection_cpp.so\x1b[0m\n'}
[35.705770] (-) TimerEvent: {}
[35.811669] (-) TimerEvent: {}
[35.912676] (-) TimerEvent: {}
[36.013911] (-) TimerEvent: {}
[36.115206] (-) TimerEvent: {}
[36.216174] (-) TimerEvent: {}
[36.227085] (my_robot_interfaces) StdoutLine: {'line': b'[ 85%] \x1b[32m\x1b[1mLinking CXX shared library libmy_robot_interfaces__rosidl_typesupport_fastrtps_cpp.so\x1b[0m\n'}
[36.318768] (-) TimerEvent: {}
[36.346675] (my_robot_interfaces) StdoutLine: {'line': b'[ 85%] Built target my_robot_interfaces__rosidl_typesupport_introspection_cpp\n'}
[36.419223] (-) TimerEvent: {}
[36.520033] (-) TimerEvent: {}
[36.620525] (-) TimerEvent: {}
[36.721024] (-) TimerEvent: {}
[36.821590] (-) TimerEvent: {}
[36.866036] (my_robot_interfaces) StdoutLine: {'line': b'[ 85%] Built target my_robot_interfaces__rosidl_typesupport_fastrtps_cpp\n'}
[36.918322] (my_robot_interfaces) StdoutLine: {'line': b'[ 85%] Built target my_robot_interfaces\n'}
[36.923521] (-) TimerEvent: {}
[36.969346] (my_robot_interfaces) StdoutLine: {'line': b'[ 86%] \x1b[34m\x1b[1mGenerating Python code for ROS interfaces\x1b[0m\n'}
[37.025327] (-) TimerEvent: {}
[37.126211] (-) TimerEvent: {}
[37.227415] (-) TimerEvent: {}
[37.328925] (-) TimerEvent: {}
[37.429528] (-) TimerEvent: {}
[37.530184] (-) TimerEvent: {}
[37.630857] (-) TimerEvent: {}
[37.731677] (-) TimerEvent: {}
[37.832322] (-) TimerEvent: {}
[37.933629] (-) TimerEvent: {}
[38.034956] (-) TimerEvent: {}
[38.135787] (-) TimerEvent: {}
[38.236336] (-) TimerEvent: {}
[38.336890] (-) TimerEvent: {}
[38.437548] (-) TimerEvent: {}
[38.538177] (-) TimerEvent: {}
[38.639055] (-) TimerEvent: {}
[38.740241] (-) TimerEvent: {}
[38.840764] (-) TimerEvent: {}
[38.941714] (-) TimerEvent: {}
[39.042434] (-) TimerEvent: {}
[39.143480] (-) TimerEvent: {}
[39.244220] (-) TimerEvent: {}
[39.345932] (-) TimerEvent: {}
[39.447281] (-) TimerEvent: {}
[39.552678] (-) TimerEvent: {}
[39.653294] (-) TimerEvent: {}
[39.756006] (-) TimerEvent: {}
[39.857169] (-) TimerEvent: {}
[39.961861] (-) TimerEvent: {}
[40.062544] (-) TimerEvent: {}
[40.163539] (-) TimerEvent: {}
[40.264844] (-) TimerEvent: {}
[40.365316] (-) TimerEvent: {}
[40.467316] (-) TimerEvent: {}
[40.574372] (-) TimerEvent: {}
[40.675883] (-) TimerEvent: {}
[40.735839] (my_robot_interfaces) StdoutLine: {'line': b'[ 86%] Built target my_robot_interfaces__py\n'}
[40.776142] (my_robot_interfaces) StdoutLine: {'line': b'[ 87%] \x1b[32mBuilding C object CMakeFiles/my_robot_interfaces__rosidl_generator_py.dir/rosidl_generator_py/my_robot_interfaces/msg/_hardware_status_s.c.o\x1b[0m\n'}
[40.776680] (-) TimerEvent: {}
[40.779659] (my_robot_interfaces) StdoutLine: {'line': b'[ 88%] \x1b[32mBuilding C object CMakeFiles/my_robot_interfaces__rosidl_generator_py.dir/rosidl_generator_py/my_robot_interfaces/msg/_turtle_s.c.o\x1b[0m\n'}
[40.780145] (my_robot_interfaces) StdoutLine: {'line': b'[ 88%] \x1b[32mBuilding C object CMakeFiles/my_robot_interfaces__rosidl_generator_py.dir/rosidl_generator_py/my_robot_interfaces/msg/_led_state_array_s.c.o\x1b[0m\n'}
[40.795611] (my_robot_interfaces) StdoutLine: {'line': b'[ 89%] \x1b[32mBuilding C object CMakeFiles/my_robot_interfaces__rosidl_generator_py.dir/rosidl_generator_py/my_robot_interfaces/msg/_turtle_array_s.c.o\x1b[0m\n'}
[40.876888] (-) TimerEvent: {}
[40.977347] (-) TimerEvent: {}
[41.084486] (-) TimerEvent: {}
[41.092821] (my_robot_interfaces) StdoutLine: {'line': b'[ 90%] \x1b[32mBuilding C object CMakeFiles/my_robot_interfaces__rosidl_generator_py.dir/rosidl_generator_py/my_robot_interfaces/srv/_compute_rectangle_area_s.c.o\x1b[0m\n'}
[41.168605] (my_robot_interfaces) StdoutLine: {'line': b'[ 91%] \x1b[32mBuilding C object CMakeFiles/my_robot_interfaces__rosidl_generator_py.dir/rosidl_generator_py/my_robot_interfaces/srv/_set_led_s.c.o\x1b[0m\n'}
[41.169387] (my_robot_interfaces) StdoutLine: {'line': b'[ 92%] \x1b[32mBuilding C object CMakeFiles/my_robot_interfaces__rosidl_generator_py.dir/rosidl_generator_py/my_robot_interfaces/srv/_catch_turtle_s.c.o\x1b[0m\n'}
[41.184652] (-) TimerEvent: {}
[41.237880] (my_robot_interfaces) StdoutLine: {'line': b'[ 93%] \x1b[32mBuilding C object CMakeFiles/my_robot_interfaces__rosidl_generator_py.dir/rosidl_generator_py/my_robot_interfaces/action/_count_until_s.c.o\x1b[0m\n'}
[41.287544] (-) TimerEvent: {}
[41.396123] (-) TimerEvent: {}
[41.496411] (my_robot_interfaces) StdoutLine: {'line': b'[ 94%] \x1b[32mBuilding C object CMakeFiles/my_robot_interfaces__rosidl_generator_py.dir/rosidl_generator_py/my_robot_interfaces/action/_move_robot_s.c.o\x1b[0m\n'}
[41.496849] (-) TimerEvent: {}
[41.597368] (-) TimerEvent: {}
[41.698210] (-) TimerEvent: {}
[41.799671] (-) TimerEvent: {}
[41.901840] (-) TimerEvent: {}
[41.996834] (my_robot_interfaces) StdoutLine: {'line': b'[ 94%] \x1b[32m\x1b[1mLinking C shared library libmy_robot_interfaces__rosidl_generator_py.so\x1b[0m\n'}
[42.002194] (-) TimerEvent: {}
[42.102941] (-) TimerEvent: {}
[42.203816] (-) TimerEvent: {}
[42.304622] (-) TimerEvent: {}
[42.405293] (-) TimerEvent: {}
[42.506080] (-) TimerEvent: {}
[42.506490] (my_robot_interfaces) StdoutLine: {'line': b'[ 94%] Built target my_robot_interfaces__rosidl_generator_py\n'}
[42.569991] (my_robot_interfaces) StdoutLine: {'line': b'[ 95%] \x1b[32mBuilding C object CMakeFiles/my_robot_interfaces_s__rosidl_typesupport_fastrtps_c.dir/rosidl_generator_py/my_robot_interfaces/_my_robot_interfaces_s.ep.rosidl_typesupport_fastrtps_c.c.o\x1b[0m\n'}
[42.572294] (my_robot_interfaces) StdoutLine: {'line': b'[ 96%] \x1b[32mBuilding C object CMakeFiles/my_robot_interfaces_s__rosidl_typesupport_c.dir/rosidl_generator_py/my_robot_interfaces/_my_robot_interfaces_s.ep.rosidl_typesupport_c.c.o\x1b[0m\n'}
[42.580641] (my_robot_interfaces) StdoutLine: {'line': b'[ 97%] \x1b[32mBuilding C object CMakeFiles/my_robot_interfaces_s__rosidl_typesupport_introspection_c.dir/rosidl_generator_py/my_robot_interfaces/_my_robot_interfaces_s.ep.rosidl_typesupport_introspection_c.c.o\x1b[0m\n'}
[42.607063] (-) TimerEvent: {}
[42.713358] (-) TimerEvent: {}
[42.818569] (-) TimerEvent: {}
[42.920379] (-) TimerEvent: {}
[43.032061] (-) TimerEvent: {}
[43.117304] (my_robot_interfaces) StdoutLine: {'line': b'[ 98%] \x1b[32m\x1b[1mLinking C shared module rosidl_generator_py/my_robot_interfaces/my_robot_interfaces_s__rosidl_typesupport_fastrtps_c.so\x1b[0m\n'}
[43.132138] (-) TimerEvent: {}
[43.144020] (my_robot_interfaces) StdoutLine: {'line': b'[ 99%] \x1b[32m\x1b[1mLinking C shared module rosidl_generator_py/my_robot_interfaces/my_robot_interfaces_s__rosidl_typesupport_c.so\x1b[0m\n'}
[43.184345] (my_robot_interfaces) StdoutLine: {'line': b'[100%] \x1b[32m\x1b[1mLinking C shared module rosidl_generator_py/my_robot_interfaces/my_robot_interfaces_s__rosidl_typesupport_introspection_c.so\x1b[0m\n'}
[43.232526] (-) TimerEvent: {}
[43.333255] (-) TimerEvent: {}
[43.433948] (-) TimerEvent: {}
[43.534574] (-) TimerEvent: {}
[43.598017] (my_robot_interfaces) StdoutLine: {'line': b'[100%] Built target my_robot_interfaces_s__rosidl_typesupport_fastrtps_c\n'}
[43.629518] (my_robot_interfaces) StdoutLine: {'line': b'[100%] Built target my_robot_interfaces_s__rosidl_typesupport_c\n'}
[43.635012] (-) TimerEvent: {}
[43.642961] (my_robot_interfaces) StdoutLine: {'line': b'[100%] Built target my_robot_interfaces_s__rosidl_typesupport_introspection_c\n'}
[43.677996] (my_robot_interfaces) CommandEnded: {'returncode': 0}
[43.679822] (my_robot_interfaces) JobProgress: {'identifier': 'my_robot_interfaces', 'progress': 'install'}
[43.694802] (my_robot_interfaces) Command: {'cmd': ['/usr/bin/cmake', '--install', '/home/user/ros2_ws/src/build/my_robot_interfaces'], 'cwd': '/home/user/ros2_ws/src/build/my_robot_interfaces', 'env': OrderedDict({'LESSOPEN': '| /usr/bin/lesspipe %s', 'GZ_SIM_RESOURCE_PATH': '/opt/ros/jazzy/share', 'USER': 'user', 'GZ_CONFIG_PATH': '/opt/ros/jazzy/opt/gz_sim_vendor/share/gz:/opt/ros/jazzy/opt/sdformat_vendor/share/gz:/opt/ros/jazzy/opt/gz_gui_vendor/share/gz:/opt/ros/jazzy/opt/gz_transport_vendor/share/gz:/opt/ros/jazzy/opt/gz_rendering_vendor/share/gz:/opt/ros/jazzy/opt/gz_plugin_vendor/share/gz:/opt/ros/jazzy/opt/gz_fuel_tools_vendor/share/gz:/opt/ros/jazzy/opt/gz_msgs_vendor/share/gz:/opt/ros/jazzy/opt/gz_common_vendor/share/gz', 'SHLVL': '1', 'LD_LIBRARY_PATH': '/home/user/ros2_ws/install/my_robot_interfaces/lib:/home/user/ros2_ws/install/battery_led_panel/lib:/opt/ros/jazzy/opt/gz_sim_vendor/lib:/opt/ros/jazzy/opt/gz_sensors_vendor/lib:/opt/ros/jazzy/opt/gz_physics_vendor/lib:/opt/ros/jazzy/opt/sdformat_vendor/lib:/opt/ros/jazzy/opt/rviz_ogre_vendor/lib:/opt/ros/jazzy/lib/x86_64-linux-gnu:/opt/ros/jazzy/opt/gz_gui_vendor/lib:/opt/ros/jazzy/opt/gz_transport_vendor/lib:/opt/ros/jazzy/opt/gz_rendering_vendor/lib:/opt/ros/jazzy/opt/gz_plugin_vendor/lib:/opt/ros/jazzy/opt/gz_fuel_tools_vendor/lib:/opt/ros/jazzy/opt/gz_msgs_vendor/lib:/opt/ros/jazzy/opt/gz_common_vendor/lib:/opt/ros/jazzy/opt/gz_math_vendor/lib:/opt/ros/jazzy/opt/gz_utils_vendor/lib:/opt/ros/jazzy/opt/gz_tools_vendor/lib:/opt/ros/jazzy/opt/gz_ogre_next_vendor/lib:/opt/ros/jazzy/opt/gz_dartsim_vendor/lib:/opt/ros/jazzy/opt/gz_cmake_vendor/lib:/opt/ros/jazzy/lib', 'WT_PROFILE_ID': '{d8e96812-b789-5068-a5ae-10b2fb53e95f}', 'HOME': '/home/user', 'ASDF_DIR': '/home/linuxbrew/.linuxbrew/opt/asdf/libexec', 'OLDPWD': '/home/user/ros2_ws', 'NVM_BIN': '/home/user/.nvm/versions/node/v20.19.3/bin', 'PYENV_SHELL': 'bash', 'NVM_INC': '/home/user/.nvm/versions/node/v20.19.3/include/node', 'ROS_PYTHON_VERSION': '3', 'HOMEBREW_PREFIX': '/home/linuxbrew/.linuxbrew', 'DBUS_SESSION_BUS_ADDRESS': 'unix:path=/run/user/1000/bus', 'WSL_DISTRO_NAME': 'Ubuntu-24.04', 'NVM_DIR': '/home/user/.nvm', 'WAYLAND_DISPLAY': 'wayland-0', 'COLCON_PREFIX_PATH': '/home/user/ros2_ws/install', 'INFOPATH': '/home/linuxbrew/.linuxbrew/share/info:', 'ROS_DISTRO': 'jazzy', 'LOGNAME': 'user', 'NAME': 'LAPTOP-V3KNT5JR', 'WSL_INTEROP': '/run/WSL/3415_interop', 'PULSE_SERVER': 'unix:/mnt/wslg/PulseServer', '_': '/usr/bin/colcon', 'ROS_VERSION': '2', 'TERM': 'xterm-256color', 'PATH': '/usr/bin:/opt/ros/jazzy/opt/gz_msgs_vendor/bin:/opt/ros/jazzy/opt/gz_tools_vendor/bin:/opt/ros/jazzy/opt/gz_ogre_next_vendor/bin:/opt/ros/jazzy/bin:/home/user/.nvm/versions/node/v20.19.3/bin:/home/user/Android/Sdk/cmake/3.22.1/bin:/home/user/Android/Sdk/ndk/26.1.10909125/toolchains/llvm/prebuilt/linux-x86_64/bin:/home/user/Android/Sdk/platform-tools:/home/user/Android/Sdk/cmdline-tools/latest/bin:/home/user/.asdf/shims:/home/linuxbrew/.linuxbrew/opt/asdf/libexec/bin:/home/linuxbrew/.linuxbrew/bin:/home/linuxbrew/.linuxbrew/sbin:/usr/lib/jvm/java-21-openjdk-amd64/bin:/home/user/.pyenv/shims:/home/user/.pyenv/bin:/usr/local/sbin:/usr/local/bin:/usr/sbin:/usr/bin:/sbin:/bin:/usr/local/sbin:/usr/local/bin:/usr/sbin:/usr/bin:/sbin:/bin:/usr/games:/usr/local/games:/usr/lib/wsl/lib:/mnt/c/Program Files/Zulu/zulu-17/bin/:/mnt/c/Python313/Scripts/:/mnt/c/Python313/:/mnt/c/Python312/Scripts/:/mnt/c/Python312/:/mnt/c/Program Files (x86)/VMware/VMware Player/bin/:/mnt/c/Windows/system32:/mnt/c/Windows:/mnt/c/Windows/System32/Wbem:/mnt/c/Windows/System32/WindowsPowerShell/v1.0/:/mnt/c/Windows/System32/OpenSSH/:/mnt/c/Program Files/Git/cmd:/mnt/c/Program Files/MySQL/MySQL Server 8.0/bin:/mnt/c/sqlite3:/mnt/c/Users/kazuh/AppData/Local/Programs/cursor/resources/app/bin:/mnt/c/Program Files (x86)/Bitvise SSH Client:/mnt/c/ProgramData/chocolatey/bin:/mnt/c/Program Files/heroku/bin:/mnt/c/Program Files/dotnet/:/mnt/c/Program Files/Docker/Docker/resources/bin:/mnt/c/WINDOWS/system32:/mnt/c/WINDOWS:/mnt/c/WINDOWS/System32/Wbem:/mnt/c/WINDOWS/System32/WindowsPowerShell/v1.0/:/mnt/c/WINDOWS/System32/OpenSSH/:/mnt/c/Go/bin:/mnt/c/opencv/build/x64/vc16/bin:/mnt/c/mingw64/mingw64/bin:/mnt/c/Program Files/CMake/bin:/mnt/c/mingw64/mingw64/x86_64-w64-mingw32/bin:/mnt/c/ffmpeg/bin:/mnt/c/opencv/build/install/bin:/mnt/c/opencv/build/install/x64/mingw/bin:/mnt/c/Program Files/PostgreSQL/17/bin:/mnt/c/TDM-GCC-64/bin:/mnt/c/Program Files/nodejs/:/mnt/c/Program Files/Zulu/zulu-17/bin:/mnt/c/Users/kazuh/AppData/Local/Android/Sdk/emulator:/mnt/c/Users/kazuh/AppData/Local/Android/Sdk/platform-tools:/mnt/c/Users/kazuh/AppData/Local/Android/Sdk/cmdline-tools/latest/bin:/mnt/c/Users/kazuh/AppData/Local/Android/Sdk/cmake/3.22.1/bin:/mnt/c/Ruby30-x64/bin:/mnt/c/Program Files/MySQL/MySQL Shell 8.0/bin/:/mnt/c/Users/kazuh/anaconda3:/mnt/c/Users/kazuh/anaconda3/Scripts:/mnt/c/Users/kazuh/AppData/Local/Programs/Python/Python311/Scripts/:/mnt/c/Users/kazuh/AppData/Local/Programs/Python/Python311/:/mnt/c/Users/kazuh/AppData/Local/Microsoft/WindowsApps:/mnt/c/Users/kazuh/AppData/Local/atom/bin:/mnt/c/Users/kazuh/AppData/Local/Programs/Microsoft VS Code/bin:/mnt/c/LetsLearn/Java/openjdk-21.0.1/bin:/mnt/c/Program Files/JetBrains/PyCharm Community Edition 2023.2.5/bin:/mnt/c/Users/kazuh/AppData/Local/JetBrains/IntelliJ IDEA Community Edition 2023.3.3/bin:/mnt/c/php/php-8.3.4-src/php-8.3.4-nts-Win32-vs16-x64:/mnt/c/Users/kazuh/AppData/Local/Programs/mongosh/:/mnt/c/Users/kazuh/.dotnet/tools:/mnt/c/Users/kazuh/AppData/Local/Microsoft/WindowsApps:/mnt/c/Users/kazuh/go/bin:/mnt/c/Users/kazuh/go/bin:/mnt/c/Users/kazuh/AppData/Roaming/npm:/snap/bin:/home/user/Android/Sdk/emulator:/home/user/Android/Sdk/platform-tools:/home/user/Android/Sdk/cmdline-tools/latest/bin:/home/user/Android/Sdk/cmake/3.22.1/bin', 'HOMEBREW_CELLAR': '/home/linuxbrew/.linuxbrew/Cellar', 'WT_SESSION': '24fed20c-be5e-4995-9904-d064d9509f57', 'XDG_RUNTIME_DIR': '/run/user/1000/', 'DISPLAY': ':0', 'LANG': 'en_US.UTF-8', 'LS_COLORS': 'rs=0:di=01;34:ln=01;36:mh=00:pi=40;33:so=01;35:do=01;35:bd=40;33;01:cd=40;33;01:or=40;31;01:mi=00:su=37;41:sg=30;43:ca=00:tw=30;42:ow=34;42:st=37;44:ex=01;32:*.tar=01;31:*.tgz=01;31:*.arc=01;31:*.arj=01;31:*.taz=01;31:*.lha=01;31:*.lz4=01;31:*.lzh=01;31:*.lzma=01;31:*.tlz=01;31:*.txz=01;31:*.tzo=01;31:*.t7z=01;31:*.zip=01;31:*.z=01;31:*.dz=01;31:*.gz=01;31:*.lrz=01;31:*.lz=01;31:*.lzo=01;31:*.xz=01;31:*.zst=01;31:*.tzst=01;31:*.bz2=01;31:*.bz=01;31:*.tbz=01;31:*.tbz2=01;31:*.tz=01;31:*.deb=01;31:*.rpm=01;31:*.jar=01;31:*.war=01;31:*.ear=01;31:*.sar=01;31:*.rar=01;31:*.alz=01;31:*.ace=01;31:*.zoo=01;31:*.cpio=01;31:*.7z=01;31:*.rz=01;31:*.cab=01;31:*.wim=01;31:*.swm=01;31:*.dwm=01;31:*.esd=01;31:*.avif=01;35:*.jpg=01;35:*.jpeg=01;35:*.mjpg=01;35:*.mjpeg=01;35:*.gif=01;35:*.bmp=01;35:*.pbm=01;35:*.pgm=01;35:*.ppm=01;35:*.tga=01;35:*.xbm=01;35:*.xpm=01;35:*.tif=01;35:*.tiff=01;35:*.png=01;35:*.svg=01;35:*.svgz=01;35:*.mng=01;35:*.pcx=01;35:*.mov=01;35:*.mpg=01;35:*.mpeg=01;35:*.m2v=01;35:*.mkv=01;35:*.webm=01;35:*.webp=01;35:*.ogm=01;35:*.mp4=01;35:*.m4v=01;35:*.mp4v=01;35:*.vob=01;35:*.qt=01;35:*.nuv=01;35:*.wmv=01;35:*.asf=01;35:*.rm=01;35:*.rmvb=01;35:*.flc=01;35:*.avi=01;35:*.fli=01;35:*.flv=01;35:*.gl=01;35:*.dl=01;35:*.xcf=01;35:*.xwd=01;35:*.yuv=01;35:*.cgm=01;35:*.emf=01;35:*.ogv=01;35:*.ogx=01;35:*.aac=00;36:*.au=00;36:*.flac=00;36:*.m4a=00;36:*.mid=00;36:*.midi=00;36:*.mka=00;36:*.mp3=00;36:*.mpc=00;36:*.ogg=00;36:*.ra=00;36:*.wav=00;36:*.oga=00;36:*.opus=00;36:*.spx=00;36:*.xspf=00;36:*~=00;90:*#=00;90:*.bak=00;90:*.crdownload=00;90:*.dpkg-dist=00;90:*.dpkg-new=00;90:*.dpkg-old=00;90:*.dpkg-tmp=00;90:*.old=00;90:*.orig=00;90:*.part=00;90:*.rej=00;90:*.rpmnew=00;90:*.rpmorig=00;90:*.rpmsave=00;90:*.swp=00;90:*.tmp=00;90:*.ucf-dist=00;90:*.ucf-new=00;90:*.ucf-old=00;90:', 'AMENT_PREFIX_PATH': '/home/user/ros2_ws/install/my_robot_bringup:/home/user/ros2_ws/install/turtlesim_catch_them_all:/home/user/ros2_ws/install/my_py_pkg:/home/user/ros2_ws/install/my_cpp_pkg:/home/user/ros2_ws/install/actions_py:/home/user/ros2_ws/install/actions_cpp:/home/user/ros2_ws/install/my_robot_interfaces:/home/user/ros2_ws/install/my_robot_description:/home/user/ros2_ws/install/battery_led_panel:/opt/ros/jazzy', 'SHELL': '/bin/bash', 'LESSCLOSE': '/usr/bin/lesspipe %s %s', 'ANDROID_SDK_ROOT': '/home/user/Android/Sdk', 'ROS_AUTOMATIC_DISCOVERY_RANGE': 'SUBNET', 'JAVA_HOME': '/usr/lib/jvm/java-21-openjdk-amd64', 'PWD': '/home/user/ros2_ws/src/build/my_robot_interfaces', 'ANDROID_HOME': '/home/user/Android/Sdk', 'NVM_CD_FLAGS': '', 'PYENV_ROOT': '/home/user/.pyenv', 'XDG_DATA_DIRS': '/usr/local/share:/usr/share:/var/lib/snapd/desktop', 'PYTHONPATH': '/home/user/ros2_ws/build/turtlesim_catch_them_all:/home/user/ros2_ws/install/turtlesim_catch_them_all/lib/python3.12/site-packages:/home/user/ros2_ws/build/my_py_pkg:/home/user/ros2_ws/install/my_py_pkg/lib/python3.12/site-packages:/home/user/ros2_ws/build/actions_py:/home/user/ros2_ws/install/actions_py/lib/python3.12/site-packages:/home/user/ros2_ws/install/my_robot_interfaces/lib/python3.12/site-packages:/home/user/ros2_ws/install/battery_led_panel/lib/python3.12/site-packages:/opt/ros/jazzy/lib/python3.12/site-packages', 'HOMEBREW_REPOSITORY': '/home/linuxbrew/.linuxbrew/Homebrew', 'COLCON': '1', 'WSL2_GUI_APPS_ENABLED': '1', 'HOSTTYPE': 'x86_64', 'CMAKE_PREFIX_PATH': '/home/user/ros2_ws/install/my_robot_bringup:/home/user/ros2_ws/install/my_cpp_pkg:/home/user/ros2_ws/install/actions_cpp:/home/user/ros2_ws/install/my_robot_interfaces:/home/user/ros2_ws/install/my_robot_description:/home/user/ros2_ws/install/battery_led_panel:/opt/ros/jazzy/opt/gz_sim_vendor:/opt/ros/jazzy/opt/gz_sensors_vendor:/opt/ros/jazzy/opt/gz_physics_vendor:/opt/ros/jazzy/opt/sdformat_vendor:/opt/ros/jazzy/opt/gz_gui_vendor:/opt/ros/jazzy/opt/gz_transport_vendor:/opt/ros/jazzy/opt/gz_rendering_vendor:/opt/ros/jazzy/opt/gz_plugin_vendor:/opt/ros/jazzy/opt/gz_fuel_tools_vendor:/opt/ros/jazzy/opt/gz_msgs_vendor:/opt/ros/jazzy/opt/gz_common_vendor:/opt/ros/jazzy/opt/gz_math_vendor:/opt/ros/jazzy/opt/gz_utils_vendor:/opt/ros/jazzy/opt/gz_tools_vendor:/opt/ros/jazzy/opt/gz_ogre_next_vendor:/opt/ros/jazzy/opt/gz_dartsim_vendor:/opt/ros/jazzy/opt/gz_cmake_vendor:/home/user/ros2_ws/install/turtlesim_catch_them_all:/home/user/ros2_ws/install/my_py_pkg:/home/user/ros2_ws/install/actions_py:/opt/ros/jazzy', 'WSLENV': 'WT_SESSION:WT_PROFILE_ID:'}), 'shell': False}
[43.717708] (my_robot_interfaces) StdoutLine: {'line': b'-- Install configuration: ""\n'}
[43.720711] (my_robot_interfaces) StdoutLine: {'line': b'-- Installing: /home/user/ros2_ws/src/install/my_robot_interfaces/share/ament_index/resource_index/rosidl_interfaces/my_robot_interfaces\n'}
[43.721855] (my_robot_interfaces) StdoutLine: {'line': b'-- Installing: /home/user/ros2_ws/src/install/my_robot_interfaces/share/my_robot_interfaces/msg/HardwareStatus.json\n'}
[43.722149] (my_robot_interfaces) StdoutLine: {'line': b'-- Installing: /home/user/ros2_ws/src/install/my_robot_interfaces/share/my_robot_interfaces/msg/LedStateArray.json\n'}
[43.722320] (my_robot_interfaces) StdoutLine: {'line': b'-- Installing: /home/user/ros2_ws/src/install/my_robot_interfaces/share/my_robot_interfaces/msg/Turtle.json\n'}
[43.722478] (my_robot_interfaces) StdoutLine: {'line': b'-- Installing: /home/user/ros2_ws/src/install/my_robot_interfaces/share/my_robot_interfaces/msg/TurtleArray.json\n'}
[43.723167] (my_robot_interfaces) StdoutLine: {'line': b'-- Installing: /home/user/ros2_ws/src/install/my_robot_interfaces/share/my_robot_interfaces/srv/ComputeRectangleArea.json\n'}
[43.723432] (my_robot_interfaces) StdoutLine: {'line': b'-- Installing: /home/user/ros2_ws/src/install/my_robot_interfaces/share/my_robot_interfaces/srv/SetLed.json\n'}
[43.723617] (my_robot_interfaces) StdoutLine: {'line': b'-- Installing: /home/user/ros2_ws/src/install/my_robot_interfaces/share/my_robot_interfaces/srv/CatchTurtle.json\n'}
[43.729320] (my_robot_interfaces) StdoutLine: {'line': b'-- Installing: /home/user/ros2_ws/src/install/my_robot_interfaces/share/my_robot_interfaces/action/CountUntil.json\n'}
[43.729956] (my_robot_interfaces) StdoutLine: {'line': b'-- Installing: /home/user/ros2_ws/src/install/my_robot_interfaces/share/my_robot_interfaces/action/MoveRobot.json\n'}
[43.730183] (my_robot_interfaces) StdoutLine: {'line': b'-- Installing: /home/user/ros2_ws/src/install/my_robot_interfaces/include/my_robot_interfaces/my_robot_interfaces\n'}
[43.730588] (my_robot_interfaces) StdoutLine: {'line': b'-- Installing: /home/user/ros2_ws/src/install/my_robot_interfaces/include/my_robot_interfaces/my_robot_interfaces/srv\n'}
[43.730754] (my_robot_interfaces) StdoutLine: {'line': b'-- Installing: /home/user/ros2_ws/src/install/my_robot_interfaces/include/my_robot_interfaces/my_robot_interfaces/srv/detail\n'}
[43.730906] (my_robot_interfaces) StdoutLine: {'line': b'-- Installing: /home/user/ros2_ws/src/install/my_robot_interfaces/include/my_robot_interfaces/my_robot_interfaces/srv/detail/set_led__type_support.h\n'}
[43.731070] (my_robot_interfaces) StdoutLine: {'line': b'-- Installing: /home/user/ros2_ws/src/install/my_robot_interfaces/include/my_robot_interfaces/my_robot_interfaces/srv/detail/set_led__type_support.c\n'}
[43.731252] (my_robot_interfaces) StdoutLine: {'line': b'-- Installing: /home/user/ros2_ws/src/install/my_robot_interfaces/include/my_robot_interfaces/my_robot_interfaces/srv/detail/compute_rectangle_area__functions.h\n'}
[43.731373] (my_robot_interfaces) StdoutLine: {'line': b'-- Installing: /home/user/ros2_ws/src/install/my_robot_interfaces/include/my_robot_interfaces/my_robot_interfaces/srv/detail/compute_rectangle_area__type_support.h\n'}
[43.731647] (my_robot_interfaces) StdoutLine: {'line': b'-- Installing: /home/user/ros2_ws/src/install/my_robot_interfaces/include/my_robot_interfaces/my_robot_interfaces/srv/detail/catch_turtle__description.c\n'}
[43.731879] (my_robot_interfaces) StdoutLine: {'line': b'-- Installing: /home/user/ros2_ws/src/install/my_robot_interfaces/include/my_robot_interfaces/my_robot_interfaces/srv/detail/catch_turtle__type_support.c\n'}
[43.732080] (my_robot_interfaces) StdoutLine: {'line': b'-- Installing: /home/user/ros2_ws/src/install/my_robot_interfaces/include/my_robot_interfaces/my_robot_interfaces/srv/detail/catch_turtle__functions.h\n'}
[43.732229] (my_robot_interfaces) StdoutLine: {'line': b'-- Installing: /home/user/ros2_ws/src/install/my_robot_interfaces/include/my_robot_interfaces/my_robot_interfaces/srv/detail/set_led__description.c\n'}
[43.732340] (my_robot_interfaces) StdoutLine: {'line': b'-- Installing: /home/user/ros2_ws/src/install/my_robot_interfaces/include/my_robot_interfaces/my_robot_interfaces/srv/detail/set_led__struct.h\n'}
[43.732455] (my_robot_interfaces) StdoutLine: {'line': b'-- Installing: /home/user/ros2_ws/src/install/my_robot_interfaces/include/my_robot_interfaces/my_robot_interfaces/srv/detail/compute_rectangle_area__type_support.c\n'}
[43.732601] (my_robot_interfaces) StdoutLine: {'line': b'-- Installing: /home/user/ros2_ws/src/install/my_robot_interfaces/include/my_robot_interfaces/my_robot_interfaces/srv/detail/catch_turtle__struct.h\n'}
[43.732781] (my_robot_interfaces) StdoutLine: {'line': b'-- Installing: /home/user/ros2_ws/src/install/my_robot_interfaces/include/my_robot_interfaces/my_robot_interfaces/srv/detail/set_led__functions.c\n'}
[43.733093] (my_robot_interfaces) StdoutLine: {'line': b'-- Installing: /home/user/ros2_ws/src/install/my_robot_interfaces/include/my_robot_interfaces/my_robot_interfaces/srv/detail/set_led__functions.h\n'}
[43.733382] (my_robot_interfaces) StdoutLine: {'line': b'-- Installing: /home/user/ros2_ws/src/install/my_robot_interfaces/include/my_robot_interfaces/my_robot_interfaces/srv/detail/compute_rectangle_area__functions.c\n'}
[43.733602] (my_robot_interfaces) StdoutLine: {'line': b'-- Installing: /home/user/ros2_ws/src/install/my_robot_interfaces/include/my_robot_interfaces/my_robot_interfaces/srv/detail/compute_rectangle_area__description.c\n'}
[43.733810] (my_robot_interfaces) StdoutLine: {'line': b'-- Installing: /home/user/ros2_ws/src/install/my_robot_interfaces/include/my_robot_interfaces/my_robot_interfaces/srv/detail/catch_turtle__type_support.h\n'}
[43.734056] (my_robot_interfaces) StdoutLine: {'line': b'-- Installing: /home/user/ros2_ws/src/install/my_robot_interfaces/include/my_robot_interfaces/my_robot_interfaces/srv/detail/compute_rectangle_area__struct.h\n'}
[43.734320] (my_robot_interfaces) StdoutLine: {'line': b'-- Installing: /home/user/ros2_ws/src/install/my_robot_interfaces/include/my_robot_interfaces/my_robot_interfaces/srv/detail/catch_turtle__functions.c\n'}
[43.734510] (my_robot_interfaces) StdoutLine: {'line': b'-- Installing: /home/user/ros2_ws/src/install/my_robot_interfaces/include/my_robot_interfaces/my_robot_interfaces/srv/compute_rectangle_area.h\n'}
[43.734648] (my_robot_interfaces) StdoutLine: {'line': b'-- Installing: /home/user/ros2_ws/src/install/my_robot_interfaces/include/my_robot_interfaces/my_robot_interfaces/srv/catch_turtle.h\n'}
[43.734786] (my_robot_interfaces) StdoutLine: {'line': b'-- Installing: /home/user/ros2_ws/src/install/my_robot_interfaces/include/my_robot_interfaces/my_robot_interfaces/srv/set_led.h\n'}
[43.735011] (my_robot_interfaces) StdoutLine: {'line': b'-- Installing: /home/user/ros2_ws/src/install/my_robot_interfaces/include/my_robot_interfaces/my_robot_interfaces/action\n'}
[43.735112] (-) TimerEvent: {}
[43.736114] (my_robot_interfaces) StdoutLine: {'line': b'-- Installing: /home/user/ros2_ws/src/install/my_robot_interfaces/include/my_robot_interfaces/my_robot_interfaces/action/detail\n'}
[43.736881] (my_robot_interfaces) StdoutLine: {'line': b'-- Installing: /home/user/ros2_ws/src/install/my_robot_interfaces/include/my_robot_interfaces/my_robot_interfaces/action/detail/count_until__type_support.c\n'}
[43.737118] (my_robot_interfaces) StdoutLine: {'line': b'-- Installing: /home/user/ros2_ws/src/install/my_robot_interfaces/include/my_robot_interfaces/my_robot_interfaces/action/detail/move_robot__functions.c\n'}
[43.737498] (my_robot_interfaces) StdoutLine: {'line': b'-- Installing: /home/user/ros2_ws/src/install/my_robot_interfaces/include/my_robot_interfaces/my_robot_interfaces/action/detail/count_until__functions.c\n'}
[43.738070] (my_robot_interfaces) StdoutLine: {'line': b'-- Installing: /home/user/ros2_ws/src/install/my_robot_interfaces/include/my_robot_interfaces/my_robot_interfaces/action/detail/move_robot__type_support.h\n'}
[43.738379] (my_robot_interfaces) StdoutLine: {'line': b'-- Installing: /home/user/ros2_ws/src/install/my_robot_interfaces/include/my_robot_interfaces/my_robot_interfaces/action/detail/count_until__description.c\n'}
[43.738534] (my_robot_interfaces) StdoutLine: {'line': b'-- Installing: /home/user/ros2_ws/src/install/my_robot_interfaces/include/my_robot_interfaces/my_robot_interfaces/action/detail/move_robot__description.c\n'}
[43.738710] (my_robot_interfaces) StdoutLine: {'line': b'-- Installing: /home/user/ros2_ws/src/install/my_robot_interfaces/include/my_robot_interfaces/my_robot_interfaces/action/detail/count_until__struct.h\n'}
[43.738882] (my_robot_interfaces) StdoutLine: {'line': b'-- Installing: /home/user/ros2_ws/src/install/my_robot_interfaces/include/my_robot_interfaces/my_robot_interfaces/action/detail/move_robot__type_support.c\n'}
[43.739065] (my_robot_interfaces) StdoutLine: {'line': b'-- Installing: /home/user/ros2_ws/src/install/my_robot_interfaces/include/my_robot_interfaces/my_robot_interfaces/action/detail/move_robot__struct.h\n'}
[43.739234] (my_robot_interfaces) StdoutLine: {'line': b'-- Installing: /home/user/ros2_ws/src/install/my_robot_interfaces/include/my_robot_interfaces/my_robot_interfaces/action/detail/count_until__functions.h\n'}
[43.739682] (my_robot_interfaces) StdoutLine: {'line': b'-- Installing: /home/user/ros2_ws/src/install/my_robot_interfaces/include/my_robot_interfaces/my_robot_interfaces/action/detail/move_robot__functions.h\n'}
[43.739902] (my_robot_interfaces) StdoutLine: {'line': b'-- Installing: /home/user/ros2_ws/src/install/my_robot_interfaces/include/my_robot_interfaces/my_robot_interfaces/action/detail/count_until__type_support.h\n'}
[43.740175] (my_robot_interfaces) StdoutLine: {'line': b'-- Installing: /home/user/ros2_ws/src/install/my_robot_interfaces/include/my_robot_interfaces/my_robot_interfaces/action/move_robot.h\n'}
[43.740351] (my_robot_interfaces) StdoutLine: {'line': b'-- Installing: /home/user/ros2_ws/src/install/my_robot_interfaces/include/my_robot_interfaces/my_robot_interfaces/action/count_until.h\n'}
[43.740570] (my_robot_interfaces) StdoutLine: {'line': b'-- Installing: /home/user/ros2_ws/src/install/my_robot_interfaces/include/my_robot_interfaces/my_robot_interfaces/msg\n'}
[43.741183] (my_robot_interfaces) StdoutLine: {'line': b'-- Installing: /home/user/ros2_ws/src/install/my_robot_interfaces/include/my_robot_interfaces/my_robot_interfaces/msg/turtle_array.h\n'}
[43.741402] (my_robot_interfaces) StdoutLine: {'line': b'-- Installing: /home/user/ros2_ws/src/install/my_robot_interfaces/include/my_robot_interfaces/my_robot_interfaces/msg/rosidl_generator_c__visibility_control.h\n'}
[43.741763] (my_robot_interfaces) StdoutLine: {'line': b'-- Installing: /home/user/ros2_ws/src/install/my_robot_interfaces/include/my_robot_interfaces/my_robot_interfaces/msg/detail\n'}
[43.742256] (my_robot_interfaces) StdoutLine: {'line': b'-- Installing: /home/user/ros2_ws/src/install/my_robot_interfaces/include/my_robot_interfaces/my_robot_interfaces/msg/detail/turtle_array__description.c\n'}
[43.742575] (my_robot_interfaces) StdoutLine: {'line': b'-- Installing: /home/user/ros2_ws/src/install/my_robot_interfaces/include/my_robot_interfaces/my_robot_interfaces/msg/detail/hardware_status__type_support.h\n'}
[43.742698] (my_robot_interfaces) StdoutLine: {'line': b'-- Installing: /home/user/ros2_ws/src/install/my_robot_interfaces/include/my_robot_interfaces/my_robot_interfaces/msg/detail/led_state_array__description.c\n'}
[43.742809] (my_robot_interfaces) StdoutLine: {'line': b'-- Installing: /home/user/ros2_ws/src/install/my_robot_interfaces/include/my_robot_interfaces/my_robot_interfaces/msg/detail/turtle__description.c\n'}
[43.743073] (my_robot_interfaces) StdoutLine: {'line': b'-- Installing: /home/user/ros2_ws/src/install/my_robot_interfaces/include/my_robot_interfaces/my_robot_interfaces/msg/detail/turtle_array__functions.c\n'}
[43.743795] (my_robot_interfaces) StdoutLine: {'line': b'-- Installing: /home/user/ros2_ws/src/install/my_robot_interfaces/include/my_robot_interfaces/my_robot_interfaces/msg/detail/hardware_status__description.c\n'}
[43.744619] (my_robot_interfaces) StdoutLine: {'line': b'-- Installing: /home/user/ros2_ws/src/install/my_robot_interfaces/include/my_robot_interfaces/my_robot_interfaces/msg/detail/turtle_array__type_support.h\n'}
[43.745870] (my_robot_interfaces) StdoutLine: {'line': b'-- Installing: /home/user/ros2_ws/src/install/my_robot_interfaces/include/my_robot_interfaces/my_robot_interfaces/msg/detail/led_state_array__functions.h\n'}
[43.745997] (my_robot_interfaces) StdoutLine: {'line': b'-- Installing: /home/user/ros2_ws/src/install/my_robot_interfaces/include/my_robot_interfaces/my_robot_interfaces/msg/detail/turtle__type_support.c\n'}
[43.746070] (my_robot_interfaces) StdoutLine: {'line': b'-- Installing: /home/user/ros2_ws/src/install/my_robot_interfaces/include/my_robot_interfaces/my_robot_interfaces/msg/detail/turtle_array__struct.h\n'}
[43.746139] (my_robot_interfaces) StdoutLine: {'line': b'-- Installing: /home/user/ros2_ws/src/install/my_robot_interfaces/include/my_robot_interfaces/my_robot_interfaces/msg/detail/hardware_status__functions.c\n'}
[43.746205] (my_robot_interfaces) StdoutLine: {'line': b'-- Installing: /home/user/ros2_ws/src/install/my_robot_interfaces/include/my_robot_interfaces/my_robot_interfaces/msg/detail/turtle_array__functions.h\n'}
[43.746283] (my_robot_interfaces) StdoutLine: {'line': b'-- Installing: /home/user/ros2_ws/src/install/my_robot_interfaces/include/my_robot_interfaces/my_robot_interfaces/msg/detail/led_state_array__type_support.h\n'}
[43.746881] (my_robot_interfaces) StdoutLine: {'line': b'-- Installing: /home/user/ros2_ws/src/install/my_robot_interfaces/include/my_robot_interfaces/my_robot_interfaces/msg/detail/hardware_status__struct.h\n'}
[43.746989] (my_robot_interfaces) StdoutLine: {'line': b'-- Installing: /home/user/ros2_ws/src/install/my_robot_interfaces/include/my_robot_interfaces/my_robot_interfaces/msg/detail/turtle_array__type_support.c\n'}
[43.747246] (my_robot_interfaces) StdoutLine: {'line': b'-- Installing: /home/user/ros2_ws/src/install/my_robot_interfaces/include/my_robot_interfaces/my_robot_interfaces/msg/detail/led_state_array__functions.c\n'}
[43.747503] (my_robot_interfaces) StdoutLine: {'line': b'-- Installing: /home/user/ros2_ws/src/install/my_robot_interfaces/include/my_robot_interfaces/my_robot_interfaces/msg/detail/led_state_array__struct.h\n'}
[43.747752] (my_robot_interfaces) StdoutLine: {'line': b'-- Installing: /home/user/ros2_ws/src/install/my_robot_interfaces/include/my_robot_interfaces/my_robot_interfaces/msg/detail/turtle__struct.h\n'}
[43.748013] (my_robot_interfaces) StdoutLine: {'line': b'-- Installing: /home/user/ros2_ws/src/install/my_robot_interfaces/include/my_robot_interfaces/my_robot_interfaces/msg/detail/led_state_array__type_support.c\n'}
[43.748279] (my_robot_interfaces) StdoutLine: {'line': b'-- Installing: /home/user/ros2_ws/src/install/my_robot_interfaces/include/my_robot_interfaces/my_robot_interfaces/msg/detail/turtle__type_support.h\n'}
[43.748567] (my_robot_interfaces) StdoutLine: {'line': b'-- Installing: /home/user/ros2_ws/src/install/my_robot_interfaces/include/my_robot_interfaces/my_robot_interfaces/msg/detail/turtle__functions.c\n'}
[43.748925] (my_robot_interfaces) StdoutLine: {'line': b'-- Installing: /home/user/ros2_ws/src/install/my_robot_interfaces/include/my_robot_interfaces/my_robot_interfaces/msg/detail/turtle__functions.h\n'}
[43.749199] (my_robot_interfaces) StdoutLine: {'line': b'-- Installing: /home/user/ros2_ws/src/install/my_robot_interfaces/include/my_robot_interfaces/my_robot_interfaces/msg/detail/hardware_status__functions.h\n'}
[43.749973] (my_robot_interfaces) StdoutLine: {'line': b'-- Installing: /home/user/ros2_ws/src/install/my_robot_interfaces/include/my_robot_interfaces/my_robot_interfaces/msg/detail/hardware_status__type_support.c\n'}
[43.750307] (my_robot_interfaces) StdoutLine: {'line': b'-- Installing: /home/user/ros2_ws/src/install/my_robot_interfaces/include/my_robot_interfaces/my_robot_interfaces/msg/hardware_status.h\n'}
[43.750443] (my_robot_interfaces) StdoutLine: {'line': b'-- Installing: /home/user/ros2_ws/src/install/my_robot_interfaces/include/my_robot_interfaces/my_robot_interfaces/msg/led_state_array.h\n'}
[43.750640] (my_robot_interfaces) StdoutLine: {'line': b'-- Installing: /home/user/ros2_ws/src/install/my_robot_interfaces/include/my_robot_interfaces/my_robot_interfaces/msg/turtle.h\n'}
[43.752897] (my_robot_interfaces) StdoutLine: {'line': b'-- Installing: /home/user/ros2_ws/src/install/my_robot_interfaces/share/my_robot_interfaces/environment/library_path.sh\n'}
[43.754104] (my_robot_interfaces) StdoutLine: {'line': b'-- Installing: /home/user/ros2_ws/src/install/my_robot_interfaces/share/my_robot_interfaces/environment/library_path.dsv\n'}
[43.754305] (my_robot_interfaces) StdoutLine: {'line': b'-- Installing: /home/user/ros2_ws/src/install/my_robot_interfaces/lib/libmy_robot_interfaces__rosidl_generator_c.so\n'}
[43.756192] (my_robot_interfaces) StdoutLine: {'line': b'-- Set non-toolchain portion of runtime path of "/home/user/ros2_ws/src/install/my_robot_interfaces/lib/libmy_robot_interfaces__rosidl_generator_c.so" to ""\n'}
[43.756635] (my_robot_interfaces) StdoutLine: {'line': b'-- Up-to-date: /home/user/ros2_ws/src/install/my_robot_interfaces/include/my_robot_interfaces/my_robot_interfaces\n'}
[43.756900] (my_robot_interfaces) StdoutLine: {'line': b'-- Up-to-date: /home/user/ros2_ws/src/install/my_robot_interfaces/include/my_robot_interfaces/my_robot_interfaces/srv\n'}
[43.757020] (my_robot_interfaces) StdoutLine: {'line': b'-- Up-to-date: /home/user/ros2_ws/src/install/my_robot_interfaces/include/my_robot_interfaces/my_robot_interfaces/srv/detail\n'}
[43.757093] (my_robot_interfaces) StdoutLine: {'line': b'-- Installing: /home/user/ros2_ws/src/install/my_robot_interfaces/include/my_robot_interfaces/my_robot_interfaces/srv/detail/compute_rectangle_area__rosidl_typesupport_fastrtps_c.h\n'}
[43.757374] (my_robot_interfaces) StdoutLine: {'line': b'-- Installing: /home/user/ros2_ws/src/install/my_robot_interfaces/include/my_robot_interfaces/my_robot_interfaces/srv/detail/catch_turtle__rosidl_typesupport_fastrtps_c.h\n'}
[43.757771] (my_robot_interfaces) StdoutLine: {'line': b'-- Installing: /home/user/ros2_ws/src/install/my_robot_interfaces/include/my_robot_interfaces/my_robot_interfaces/srv/detail/set_led__rosidl_typesupport_fastrtps_c.h\n'}
[43.757958] (my_robot_interfaces) StdoutLine: {'line': b'-- Up-to-date: /home/user/ros2_ws/src/install/my_robot_interfaces/include/my_robot_interfaces/my_robot_interfaces/action\n'}
[43.758154] (my_robot_interfaces) StdoutLine: {'line': b'-- Up-to-date: /home/user/ros2_ws/src/install/my_robot_interfaces/include/my_robot_interfaces/my_robot_interfaces/action/detail\n'}
[43.758297] (my_robot_interfaces) StdoutLine: {'line': b'-- Installing: /home/user/ros2_ws/src/install/my_robot_interfaces/include/my_robot_interfaces/my_robot_interfaces/action/detail/count_until__rosidl_typesupport_fastrtps_c.h\n'}
[43.758370] (my_robot_interfaces) StdoutLine: {'line': b'-- Installing: /home/user/ros2_ws/src/install/my_robot_interfaces/include/my_robot_interfaces/my_robot_interfaces/action/detail/move_robot__rosidl_typesupport_fastrtps_c.h\n'}
[43.758649] (my_robot_interfaces) StdoutLine: {'line': b'-- Up-to-date: /home/user/ros2_ws/src/install/my_robot_interfaces/include/my_robot_interfaces/my_robot_interfaces/msg\n'}
[43.758758] (my_robot_interfaces) StdoutLine: {'line': b'-- Up-to-date: /home/user/ros2_ws/src/install/my_robot_interfaces/include/my_robot_interfaces/my_robot_interfaces/msg/detail\n'}
[43.759620] (my_robot_interfaces) StdoutLine: {'line': b'-- Installing: /home/user/ros2_ws/src/install/my_robot_interfaces/include/my_robot_interfaces/my_robot_interfaces/msg/detail/led_state_array__rosidl_typesupport_fastrtps_c.h\n'}
[43.759812] (my_robot_interfaces) StdoutLine: {'line': b'-- Installing: /home/user/ros2_ws/src/install/my_robot_interfaces/include/my_robot_interfaces/my_robot_interfaces/msg/detail/turtle__rosidl_typesupport_fastrtps_c.h\n'}
[43.759929] (my_robot_interfaces) StdoutLine: {'line': b'-- Installing: /home/user/ros2_ws/src/install/my_robot_interfaces/include/my_robot_interfaces/my_robot_interfaces/msg/detail/turtle_array__rosidl_typesupport_fastrtps_c.h\n'}
[43.760135] (my_robot_interfaces) StdoutLine: {'line': b'-- Installing: /home/user/ros2_ws/src/install/my_robot_interfaces/include/my_robot_interfaces/my_robot_interfaces/msg/detail/hardware_status__rosidl_typesupport_fastrtps_c.h\n'}
[43.760269] (my_robot_interfaces) StdoutLine: {'line': b'-- Installing: /home/user/ros2_ws/src/install/my_robot_interfaces/include/my_robot_interfaces/my_robot_interfaces/msg/rosidl_typesupport_fastrtps_c__visibility_control.h\n'}
[43.760376] (my_robot_interfaces) StdoutLine: {'line': b'-- Installing: /home/user/ros2_ws/src/install/my_robot_interfaces/lib/libmy_robot_interfaces__rosidl_typesupport_fastrtps_c.so\n'}
[43.760787] (my_robot_interfaces) StdoutLine: {'line': b'-- Set non-toolchain portion of runtime path of "/home/user/ros2_ws/src/install/my_robot_interfaces/lib/libmy_robot_interfaces__rosidl_typesupport_fastrtps_c.so" to ""\n'}
[43.760975] (my_robot_interfaces) StdoutLine: {'line': b'-- Up-to-date: /home/user/ros2_ws/src/install/my_robot_interfaces/include/my_robot_interfaces/my_robot_interfaces\n'}
[43.761133] (my_robot_interfaces) StdoutLine: {'line': b'-- Up-to-date: /home/user/ros2_ws/src/install/my_robot_interfaces/include/my_robot_interfaces/my_robot_interfaces/srv\n'}
[43.761243] (my_robot_interfaces) StdoutLine: {'line': b'-- Up-to-date: /home/user/ros2_ws/src/install/my_robot_interfaces/include/my_robot_interfaces/my_robot_interfaces/srv/detail\n'}
[43.761402] (my_robot_interfaces) StdoutLine: {'line': b'-- Installing: /home/user/ros2_ws/src/install/my_robot_interfaces/include/my_robot_interfaces/my_robot_interfaces/srv/detail/set_led__type_support.c\n'}
[43.761632] (my_robot_interfaces) StdoutLine: {'line': b'-- Installing: /home/user/ros2_ws/src/install/my_robot_interfaces/include/my_robot_interfaces/my_robot_interfaces/srv/detail/catch_turtle__rosidl_typesupport_introspection_c.h\n'}
[43.761981] (my_robot_interfaces) StdoutLine: {'line': b'-- Installing: /home/user/ros2_ws/src/install/my_robot_interfaces/include/my_robot_interfaces/my_robot_interfaces/srv/detail/catch_turtle__type_support.c\n'}
[43.762158] (my_robot_interfaces) StdoutLine: {'line': b'-- Installing: /home/user/ros2_ws/src/install/my_robot_interfaces/include/my_robot_interfaces/my_robot_interfaces/srv/detail/compute_rectangle_area__type_support.c\n'}
[43.762533] (my_robot_interfaces) StdoutLine: {'line': b'-- Installing: /home/user/ros2_ws/src/install/my_robot_interfaces/include/my_robot_interfaces/my_robot_interfaces/srv/detail/compute_rectangle_area__rosidl_typesupport_introspection_c.h\n'}
[43.762858] (my_robot_interfaces) StdoutLine: {'line': b'-- Installing: /home/user/ros2_ws/src/install/my_robot_interfaces/include/my_robot_interfaces/my_robot_interfaces/srv/detail/set_led__rosidl_typesupport_introspection_c.h\n'}
[43.763141] (my_robot_interfaces) StdoutLine: {'line': b'-- Up-to-date: /home/user/ros2_ws/src/install/my_robot_interfaces/include/my_robot_interfaces/my_robot_interfaces/action\n'}
[43.763406] (my_robot_interfaces) StdoutLine: {'line': b'-- Up-to-date: /home/user/ros2_ws/src/install/my_robot_interfaces/include/my_robot_interfaces/my_robot_interfaces/action/detail\n'}
[43.763670] (my_robot_interfaces) StdoutLine: {'line': b'-- Installing: /home/user/ros2_ws/src/install/my_robot_interfaces/include/my_robot_interfaces/my_robot_interfaces/action/detail/count_until__type_support.c\n'}
[43.763935] (my_robot_interfaces) StdoutLine: {'line': b'-- Installing: /home/user/ros2_ws/src/install/my_robot_interfaces/include/my_robot_interfaces/my_robot_interfaces/action/detail/move_robot__type_support.c\n'}
[43.764609] (my_robot_interfaces) StdoutLine: {'line': b'-- Installing: /home/user/ros2_ws/src/install/my_robot_interfaces/include/my_robot_interfaces/my_robot_interfaces/action/detail/count_until__rosidl_typesupport_introspection_c.h\n'}
[43.764822] (my_robot_interfaces) StdoutLine: {'line': b'-- Installing: /home/user/ros2_ws/src/install/my_robot_interfaces/include/my_robot_interfaces/my_robot_interfaces/action/detail/move_robot__rosidl_typesupport_introspection_c.h\n'}
[43.765069] (my_robot_interfaces) StdoutLine: {'line': b'-- Up-to-date: /home/user/ros2_ws/src/install/my_robot_interfaces/include/my_robot_interfaces/my_robot_interfaces/msg\n'}
[43.765285] (my_robot_interfaces) StdoutLine: {'line': b'-- Up-to-date: /home/user/ros2_ws/src/install/my_robot_interfaces/include/my_robot_interfaces/my_robot_interfaces/msg/detail\n'}
[43.765412] (my_robot_interfaces) StdoutLine: {'line': b'-- Installing: /home/user/ros2_ws/src/install/my_robot_interfaces/include/my_robot_interfaces/my_robot_interfaces/msg/detail/hardware_status__rosidl_typesupport_introspection_c.h\n'}
[43.765533] (my_robot_interfaces) StdoutLine: {'line': b'-- Installing: /home/user/ros2_ws/src/install/my_robot_interfaces/include/my_robot_interfaces/my_robot_interfaces/msg/detail/turtle__type_support.c\n'}
[43.765667] (my_robot_interfaces) StdoutLine: {'line': b'-- Installing: /home/user/ros2_ws/src/install/my_robot_interfaces/include/my_robot_interfaces/my_robot_interfaces/msg/detail/turtle__rosidl_typesupport_introspection_c.h\n'}
[43.765788] (my_robot_interfaces) StdoutLine: {'line': b'-- Installing: /home/user/ros2_ws/src/install/my_robot_interfaces/include/my_robot_interfaces/my_robot_interfaces/msg/detail/turtle_array__type_support.c\n'}
[43.765913] (my_robot_interfaces) StdoutLine: {'line': b'-- Installing: /home/user/ros2_ws/src/install/my_robot_interfaces/include/my_robot_interfaces/my_robot_interfaces/msg/detail/led_state_array__type_support.c\n'}
[43.766032] (my_robot_interfaces) StdoutLine: {'line': b'-- Installing: /home/user/ros2_ws/src/install/my_robot_interfaces/include/my_robot_interfaces/my_robot_interfaces/msg/detail/turtle_array__rosidl_typesupport_introspection_c.h\n'}
[43.766216] (my_robot_interfaces) StdoutLine: {'line': b'-- Installing: /home/user/ros2_ws/src/install/my_robot_interfaces/include/my_robot_interfaces/my_robot_interfaces/msg/detail/led_state_array__rosidl_typesupport_introspection_c.h\n'}
[43.766529] (my_robot_interfaces) StdoutLine: {'line': b'-- Installing: /home/user/ros2_ws/src/install/my_robot_interfaces/include/my_robot_interfaces/my_robot_interfaces/msg/detail/hardware_status__type_support.c\n'}
[43.767093] (my_robot_interfaces) StdoutLine: {'line': b'-- Installing: /home/user/ros2_ws/src/install/my_robot_interfaces/include/my_robot_interfaces/my_robot_interfaces/msg/rosidl_typesupport_introspection_c__visibility_control.h\n'}
[43.767762] (my_robot_interfaces) StdoutLine: {'line': b'-- Installing: /home/user/ros2_ws/src/install/my_robot_interfaces/lib/libmy_robot_interfaces__rosidl_typesupport_introspection_c.so\n'}
[43.767964] (my_robot_interfaces) StdoutLine: {'line': b'-- Set non-toolchain portion of runtime path of "/home/user/ros2_ws/src/install/my_robot_interfaces/lib/libmy_robot_interfaces__rosidl_typesupport_introspection_c.so" to ""\n'}
[43.768168] (my_robot_interfaces) StdoutLine: {'line': b'-- Installing: /home/user/ros2_ws/src/install/my_robot_interfaces/lib/libmy_robot_interfaces__rosidl_typesupport_c.so\n'}
[43.768330] (my_robot_interfaces) StdoutLine: {'line': b'-- Set non-toolchain portion of runtime path of "/home/user/ros2_ws/src/install/my_robot_interfaces/lib/libmy_robot_interfaces__rosidl_typesupport_c.so" to ""\n'}
[43.768440] (my_robot_interfaces) StdoutLine: {'line': b'-- Up-to-date: /home/user/ros2_ws/src/install/my_robot_interfaces/include/my_robot_interfaces/my_robot_interfaces\n'}
[43.768546] (my_robot_interfaces) StdoutLine: {'line': b'-- Up-to-date: /home/user/ros2_ws/src/install/my_robot_interfaces/include/my_robot_interfaces/my_robot_interfaces/srv\n'}
[43.768685] (my_robot_interfaces) StdoutLine: {'line': b'-- Installing: /home/user/ros2_ws/src/install/my_robot_interfaces/include/my_robot_interfaces/my_robot_interfaces/srv/compute_rectangle_area.hpp\n'}
[43.768858] (my_robot_interfaces) StdoutLine: {'line': b'-- Installing: /home/user/ros2_ws/src/install/my_robot_interfaces/include/my_robot_interfaces/my_robot_interfaces/srv/catch_turtle.hpp\n'}
[43.768971] (my_robot_interfaces) StdoutLine: {'line': b'-- Up-to-date: /home/user/ros2_ws/src/install/my_robot_interfaces/include/my_robot_interfaces/my_robot_interfaces/srv/detail\n'}
[43.769082] (my_robot_interfaces) StdoutLine: {'line': b'-- Installing: /home/user/ros2_ws/src/install/my_robot_interfaces/include/my_robot_interfaces/my_robot_interfaces/srv/detail/catch_turtle__traits.hpp\n'}
[43.769550] (my_robot_interfaces) StdoutLine: {'line': b'-- Installing: /home/user/ros2_ws/src/install/my_robot_interfaces/include/my_robot_interfaces/my_robot_interfaces/srv/detail/compute_rectangle_area__traits.hpp\n'}
[43.770204] (my_robot_interfaces) StdoutLine: {'line': b'-- Installing: /home/user/ros2_ws/src/install/my_robot_interfaces/include/my_robot_interfaces/my_robot_interfaces/srv/detail/set_led__builder.hpp\n'}
[43.770490] (my_robot_interfaces) StdoutLine: {'line': b'-- Installing: /home/user/ros2_ws/src/install/my_robot_interfaces/include/my_robot_interfaces/my_robot_interfaces/srv/detail/set_led__struct.hpp\n'}
[43.770820] (my_robot_interfaces) StdoutLine: {'line': b'-- Installing: /home/user/ros2_ws/src/install/my_robot_interfaces/include/my_robot_interfaces/my_robot_interfaces/srv/detail/catch_turtle__struct.hpp\n'}
[43.771099] (my_robot_interfaces) StdoutLine: {'line': b'-- Installing: /home/user/ros2_ws/src/install/my_robot_interfaces/include/my_robot_interfaces/my_robot_interfaces/srv/detail/compute_rectangle_area__type_support.hpp\n'}
[43.773127] (my_robot_interfaces) StdoutLine: {'line': b'-- Installing: /home/user/ros2_ws/src/install/my_robot_interfaces/include/my_robot_interfaces/my_robot_interfaces/srv/detail/catch_turtle__builder.hpp\n'}
[43.773623] (my_robot_interfaces) StdoutLine: {'line': b'-- Installing: /home/user/ros2_ws/src/install/my_robot_interfaces/include/my_robot_interfaces/my_robot_interfaces/srv/detail/compute_rectangle_area__struct.hpp\n'}
[43.773823] (my_robot_interfaces) StdoutLine: {'line': b'-- Installing: /home/user/ros2_ws/src/install/my_robot_interfaces/include/my_robot_interfaces/my_robot_interfaces/srv/detail/catch_turtle__type_support.hpp\n'}
[43.773952] (my_robot_interfaces) StdoutLine: {'line': b'-- Installing: /home/user/ros2_ws/src/install/my_robot_interfaces/include/my_robot_interfaces/my_robot_interfaces/srv/detail/compute_rectangle_area__builder.hpp\n'}
[43.774194] (my_robot_interfaces) StdoutLine: {'line': b'-- Installing: /home/user/ros2_ws/src/install/my_robot_interfaces/include/my_robot_interfaces/my_robot_interfaces/srv/detail/set_led__type_support.hpp\n'}
[43.774368] (my_robot_interfaces) StdoutLine: {'line': b'-- Installing: /home/user/ros2_ws/src/install/my_robot_interfaces/include/my_robot_interfaces/my_robot_interfaces/srv/detail/set_led__traits.hpp\n'}
[43.774601] (my_robot_interfaces) StdoutLine: {'line': b'-- Installing: /home/user/ros2_ws/src/install/my_robot_interfaces/include/my_robot_interfaces/my_robot_interfaces/srv/set_led.hpp\n'}
[43.774732] (my_robot_interfaces) StdoutLine: {'line': b'-- Up-to-date: /home/user/ros2_ws/src/install/my_robot_interfaces/include/my_robot_interfaces/my_robot_interfaces/action\n'}
[43.774848] (my_robot_interfaces) StdoutLine: {'line': b'-- Up-to-date: /home/user/ros2_ws/src/install/my_robot_interfaces/include/my_robot_interfaces/my_robot_interfaces/action/detail\n'}
[43.775113] (my_robot_interfaces) StdoutLine: {'line': b'-- Installing: /home/user/ros2_ws/src/install/my_robot_interfaces/include/my_robot_interfaces/my_robot_interfaces/action/detail/count_until__type_support.hpp\n'}
[43.775617] (my_robot_interfaces) StdoutLine: {'line': b'-- Installing: /home/user/ros2_ws/src/install/my_robot_interfaces/include/my_robot_interfaces/my_robot_interfaces/action/detail/count_until__traits.hpp\n'}
[43.775996] (my_robot_interfaces) StdoutLine: {'line': b'-- Installing: /home/user/ros2_ws/src/install/my_robot_interfaces/include/my_robot_interfaces/my_robot_interfaces/action/detail/move_robot__struct.hpp\n'}
[43.776327] (my_robot_interfaces) StdoutLine: {'line': b'-- Installing: /home/user/ros2_ws/src/install/my_robot_interfaces/include/my_robot_interfaces/my_robot_interfaces/action/detail/move_robot__builder.hpp\n'}
[43.777185] (my_robot_interfaces) StdoutLine: {'line': b'-- Installing: /home/user/ros2_ws/src/install/my_robot_interfaces/include/my_robot_interfaces/my_robot_interfaces/action/detail/move_robot__type_support.hpp\n'}
[43.777457] (my_robot_interfaces) StdoutLine: {'line': b'-- Installing: /home/user/ros2_ws/src/install/my_robot_interfaces/include/my_robot_interfaces/my_robot_interfaces/action/detail/count_until__struct.hpp\n'}
[43.777583] (my_robot_interfaces) StdoutLine: {'line': b'-- Installing: /home/user/ros2_ws/src/install/my_robot_interfaces/include/my_robot_interfaces/my_robot_interfaces/action/detail/move_robot__traits.hpp\n'}
[43.777703] (my_robot_interfaces) StdoutLine: {'line': b'-- Installing: /home/user/ros2_ws/src/install/my_robot_interfaces/include/my_robot_interfaces/my_robot_interfaces/action/detail/count_until__builder.hpp\n'}
[43.777821] (my_robot_interfaces) StdoutLine: {'line': b'-- Installing: /home/user/ros2_ws/src/install/my_robot_interfaces/include/my_robot_interfaces/my_robot_interfaces/action/count_until.hpp\n'}
[43.777937] (my_robot_interfaces) StdoutLine: {'line': b'-- Installing: /home/user/ros2_ws/src/install/my_robot_interfaces/include/my_robot_interfaces/my_robot_interfaces/action/move_robot.hpp\n'}
[43.778049] (my_robot_interfaces) StdoutLine: {'line': b'-- Up-to-date: /home/user/ros2_ws/src/install/my_robot_interfaces/include/my_robot_interfaces/my_robot_interfaces/msg\n'}
[43.778162] (my_robot_interfaces) StdoutLine: {'line': b'-- Up-to-date: /home/user/ros2_ws/src/install/my_robot_interfaces/include/my_robot_interfaces/my_robot_interfaces/msg/detail\n'}
[43.778274] (my_robot_interfaces) StdoutLine: {'line': b'-- Installing: /home/user/ros2_ws/src/install/my_robot_interfaces/include/my_robot_interfaces/my_robot_interfaces/msg/detail/hardware_status__traits.hpp\n'}
[43.778466] (my_robot_interfaces) StdoutLine: {'line': b'-- Installing: /home/user/ros2_ws/src/install/my_robot_interfaces/include/my_robot_interfaces/my_robot_interfaces/msg/detail/turtle__traits.hpp\n'}
[43.778590] (my_robot_interfaces) StdoutLine: {'line': b'-- Installing: /home/user/ros2_ws/src/install/my_robot_interfaces/include/my_robot_interfaces/my_robot_interfaces/msg/detail/hardware_status__type_support.hpp\n'}
[43.778848] (my_robot_interfaces) StdoutLine: {'line': b'-- Installing: /home/user/ros2_ws/src/install/my_robot_interfaces/include/my_robot_interfaces/my_robot_interfaces/msg/detail/turtle_array__struct.hpp\n'}
[43.778996] (my_robot_interfaces) StdoutLine: {'line': b'-- Installing: /home/user/ros2_ws/src/install/my_robot_interfaces/include/my_robot_interfaces/my_robot_interfaces/msg/detail/turtle_array__type_support.hpp\n'}
[43.779109] (my_robot_interfaces) StdoutLine: {'line': b'-- Installing: /home/user/ros2_ws/src/install/my_robot_interfaces/include/my_robot_interfaces/my_robot_interfaces/msg/detail/led_state_array__traits.hpp\n'}
[43.779212] (my_robot_interfaces) StdoutLine: {'line': b'-- Installing: /home/user/ros2_ws/src/install/my_robot_interfaces/include/my_robot_interfaces/my_robot_interfaces/msg/detail/turtle_array__traits.hpp\n'}
[43.779311] (my_robot_interfaces) StdoutLine: {'line': b'-- Installing: /home/user/ros2_ws/src/install/my_robot_interfaces/include/my_robot_interfaces/my_robot_interfaces/msg/detail/hardware_status__builder.hpp\n'}
[43.779598] (my_robot_interfaces) StdoutLine: {'line': b'-- Installing: /home/user/ros2_ws/src/install/my_robot_interfaces/include/my_robot_interfaces/my_robot_interfaces/msg/detail/turtle__struct.hpp\n'}
[43.779842] (my_robot_interfaces) StdoutLine: {'line': b'-- Installing: /home/user/ros2_ws/src/install/my_robot_interfaces/include/my_robot_interfaces/my_robot_interfaces/msg/detail/turtle__type_support.hpp\n'}
[43.780102] (my_robot_interfaces) StdoutLine: {'line': b'-- Installing: /home/user/ros2_ws/src/install/my_robot_interfaces/include/my_robot_interfaces/my_robot_interfaces/msg/detail/turtle__builder.hpp\n'}
[43.780333] (my_robot_interfaces) StdoutLine: {'line': b'-- Installing: /home/user/ros2_ws/src/install/my_robot_interfaces/include/my_robot_interfaces/my_robot_interfaces/msg/detail/hardware_status__struct.hpp\n'}
[43.780500] (my_robot_interfaces) StdoutLine: {'line': b'-- Installing: /home/user/ros2_ws/src/install/my_robot_interfaces/include/my_robot_interfaces/my_robot_interfaces/msg/detail/led_state_array__struct.hpp\n'}
[43.780717] (my_robot_interfaces) StdoutLine: {'line': b'-- Installing: /home/user/ros2_ws/src/install/my_robot_interfaces/include/my_robot_interfaces/my_robot_interfaces/msg/detail/led_state_array__builder.hpp\n'}
[43.780949] (my_robot_interfaces) StdoutLine: {'line': b'-- Installing: /home/user/ros2_ws/src/install/my_robot_interfaces/include/my_robot_interfaces/my_robot_interfaces/msg/detail/turtle_array__builder.hpp\n'}
[43.781186] (my_robot_interfaces) StdoutLine: {'line': b'-- Installing: /home/user/ros2_ws/src/install/my_robot_interfaces/include/my_robot_interfaces/my_robot_interfaces/msg/detail/led_state_array__type_support.hpp\n'}
[43.781592] (my_robot_interfaces) StdoutLine: {'line': b'-- Installing: /home/user/ros2_ws/src/install/my_robot_interfaces/include/my_robot_interfaces/my_robot_interfaces/msg/led_state_array.hpp\n'}
[43.781844] (my_robot_interfaces) StdoutLine: {'line': b'-- Installing: /home/user/ros2_ws/src/install/my_robot_interfaces/include/my_robot_interfaces/my_robot_interfaces/msg/rosidl_generator_cpp__visibility_control.hpp\n'}
[43.782088] (my_robot_interfaces) StdoutLine: {'line': b'-- Installing: /home/user/ros2_ws/src/install/my_robot_interfaces/include/my_robot_interfaces/my_robot_interfaces/msg/turtle.hpp\n'}
[43.782211] (my_robot_interfaces) StdoutLine: {'line': b'-- Installing: /home/user/ros2_ws/src/install/my_robot_interfaces/include/my_robot_interfaces/my_robot_interfaces/msg/turtle_array.hpp\n'}
[43.782446] (my_robot_interfaces) StdoutLine: {'line': b'-- Installing: /home/user/ros2_ws/src/install/my_robot_interfaces/include/my_robot_interfaces/my_robot_interfaces/msg/hardware_status.hpp\n'}
[43.782710] (my_robot_interfaces) StdoutLine: {'line': b'-- Up-to-date: /home/user/ros2_ws/src/install/my_robot_interfaces/include/my_robot_interfaces/my_robot_interfaces\n'}
[43.782966] (my_robot_interfaces) StdoutLine: {'line': b'-- Up-to-date: /home/user/ros2_ws/src/install/my_robot_interfaces/include/my_robot_interfaces/my_robot_interfaces/srv\n'}
[43.783074] (my_robot_interfaces) StdoutLine: {'line': b'-- Up-to-date: /home/user/ros2_ws/src/install/my_robot_interfaces/include/my_robot_interfaces/my_robot_interfaces/srv/detail\n'}
[43.783194] (my_robot_interfaces) StdoutLine: {'line': b'-- Installing: /home/user/ros2_ws/src/install/my_robot_interfaces/include/my_robot_interfaces/my_robot_interfaces/srv/detail/dds_fastrtps\n'}
[43.783314] (my_robot_interfaces) StdoutLine: {'line': b'-- Installing: /home/user/ros2_ws/src/install/my_robot_interfaces/include/my_robot_interfaces/my_robot_interfaces/srv/detail/set_led__rosidl_typesupport_fastrtps_cpp.hpp\n'}
[43.783586] (my_robot_interfaces) StdoutLine: {'line': b'-- Installing: /home/user/ros2_ws/src/install/my_robot_interfaces/include/my_robot_interfaces/my_robot_interfaces/srv/detail/catch_turtle__rosidl_typesupport_fastrtps_cpp.hpp\n'}
[43.783825] (my_robot_interfaces) StdoutLine: {'line': b'-- Installing: /home/user/ros2_ws/src/install/my_robot_interfaces/include/my_robot_interfaces/my_robot_interfaces/srv/detail/compute_rectangle_area__rosidl_typesupport_fastrtps_cpp.hpp\n'}
[43.784246] (my_robot_interfaces) StdoutLine: {'line': b'-- Up-to-date: /home/user/ros2_ws/src/install/my_robot_interfaces/include/my_robot_interfaces/my_robot_interfaces/action\n'}
[43.784474] (my_robot_interfaces) StdoutLine: {'line': b'-- Up-to-date: /home/user/ros2_ws/src/install/my_robot_interfaces/include/my_robot_interfaces/my_robot_interfaces/action/detail\n'}
[43.784738] (my_robot_interfaces) StdoutLine: {'line': b'-- Installing: /home/user/ros2_ws/src/install/my_robot_interfaces/include/my_robot_interfaces/my_robot_interfaces/action/detail/dds_fastrtps\n'}
[43.785019] (my_robot_interfaces) StdoutLine: {'line': b'-- Installing: /home/user/ros2_ws/src/install/my_robot_interfaces/include/my_robot_interfaces/my_robot_interfaces/action/detail/move_robot__rosidl_typesupport_fastrtps_cpp.hpp\n'}
[43.785281] (my_robot_interfaces) StdoutLine: {'line': b'-- Installing: /home/user/ros2_ws/src/install/my_robot_interfaces/include/my_robot_interfaces/my_robot_interfaces/action/detail/count_until__rosidl_typesupport_fastrtps_cpp.hpp\n'}
[43.785554] (my_robot_interfaces) StdoutLine: {'line': b'-- Up-to-date: /home/user/ros2_ws/src/install/my_robot_interfaces/include/my_robot_interfaces/my_robot_interfaces/msg\n'}
[43.785749] (my_robot_interfaces) StdoutLine: {'line': b'-- Up-to-date: /home/user/ros2_ws/src/install/my_robot_interfaces/include/my_robot_interfaces/my_robot_interfaces/msg/detail\n'}
[43.786131] (my_robot_interfaces) StdoutLine: {'line': b'-- Installing: /home/user/ros2_ws/src/install/my_robot_interfaces/include/my_robot_interfaces/my_robot_interfaces/msg/detail/dds_fastrtps\n'}
[43.786274] (my_robot_interfaces) StdoutLine: {'line': b'-- Installing: /home/user/ros2_ws/src/install/my_robot_interfaces/include/my_robot_interfaces/my_robot_interfaces/msg/detail/turtle__rosidl_typesupport_fastrtps_cpp.hpp\n'}
[43.786403] (my_robot_interfaces) StdoutLine: {'line': b'-- Installing: /home/user/ros2_ws/src/install/my_robot_interfaces/include/my_robot_interfaces/my_robot_interfaces/msg/detail/turtle_array__rosidl_typesupport_fastrtps_cpp.hpp\n'}
[43.786563] (my_robot_interfaces) StdoutLine: {'line': b'-- Installing: /home/user/ros2_ws/src/install/my_robot_interfaces/include/my_robot_interfaces/my_robot_interfaces/msg/detail/led_state_array__rosidl_typesupport_fastrtps_cpp.hpp\n'}
[43.786670] (my_robot_interfaces) StdoutLine: {'line': b'-- Installing: /home/user/ros2_ws/src/install/my_robot_interfaces/include/my_robot_interfaces/my_robot_interfaces/msg/detail/hardware_status__rosidl_typesupport_fastrtps_cpp.hpp\n'}
[43.786772] (my_robot_interfaces) StdoutLine: {'line': b'-- Installing: /home/user/ros2_ws/src/install/my_robot_interfaces/include/my_robot_interfaces/my_robot_interfaces/msg/rosidl_typesupport_fastrtps_cpp__visibility_control.h\n'}
[43.786842] (my_robot_interfaces) StdoutLine: {'line': b'-- Installing: /home/user/ros2_ws/src/install/my_robot_interfaces/lib/libmy_robot_interfaces__rosidl_typesupport_fastrtps_cpp.so\n'}
[43.788596] (my_robot_interfaces) StdoutLine: {'line': b'-- Set non-toolchain portion of runtime path of "/home/user/ros2_ws/src/install/my_robot_interfaces/lib/libmy_robot_interfaces__rosidl_typesupport_fastrtps_cpp.so" to ""\n'}
[43.788905] (my_robot_interfaces) StdoutLine: {'line': b'-- Up-to-date: /home/user/ros2_ws/src/install/my_robot_interfaces/include/my_robot_interfaces/my_robot_interfaces\n'}
[43.789102] (my_robot_interfaces) StdoutLine: {'line': b'-- Up-to-date: /home/user/ros2_ws/src/install/my_robot_interfaces/include/my_robot_interfaces/my_robot_interfaces/srv\n'}
[43.789289] (my_robot_interfaces) StdoutLine: {'line': b'-- Up-to-date: /home/user/ros2_ws/src/install/my_robot_interfaces/include/my_robot_interfaces/my_robot_interfaces/srv/detail\n'}
[43.789510] (my_robot_interfaces) StdoutLine: {'line': b'-- Installing: /home/user/ros2_ws/src/install/my_robot_interfaces/include/my_robot_interfaces/my_robot_interfaces/srv/detail/catch_turtle__rosidl_typesupport_introspection_cpp.hpp\n'}
[43.789583] (my_robot_interfaces) StdoutLine: {'line': b'-- Installing: /home/user/ros2_ws/src/install/my_robot_interfaces/include/my_robot_interfaces/my_robot_interfaces/srv/detail/catch_turtle__type_support.cpp\n'}
[43.789661] (my_robot_interfaces) StdoutLine: {'line': b'-- Installing: /home/user/ros2_ws/src/install/my_robot_interfaces/include/my_robot_interfaces/my_robot_interfaces/srv/detail/compute_rectangle_area__type_support.cpp\n'}
[43.789913] (my_robot_interfaces) StdoutLine: {'line': b'-- Installing: /home/user/ros2_ws/src/install/my_robot_interfaces/include/my_robot_interfaces/my_robot_interfaces/srv/detail/set_led__rosidl_typesupport_introspection_cpp.hpp\n'}
[43.790240] (my_robot_interfaces) StdoutLine: {'line': b'-- Installing: /home/user/ros2_ws/src/install/my_robot_interfaces/include/my_robot_interfaces/my_robot_interfaces/srv/detail/set_led__type_support.cpp\n'}
[43.790328] (my_robot_interfaces) StdoutLine: {'line': b'-- Installing: /home/user/ros2_ws/src/install/my_robot_interfaces/include/my_robot_interfaces/my_robot_interfaces/srv/detail/compute_rectangle_area__rosidl_typesupport_introspection_cpp.hpp\n'}
[43.790561] (my_robot_interfaces) StdoutLine: {'line': b'-- Up-to-date: /home/user/ros2_ws/src/install/my_robot_interfaces/include/my_robot_interfaces/my_robot_interfaces/action\n'}
[43.790771] (my_robot_interfaces) StdoutLine: {'line': b'-- Up-to-date: /home/user/ros2_ws/src/install/my_robot_interfaces/include/my_robot_interfaces/my_robot_interfaces/action/detail\n'}
[43.791065] (my_robot_interfaces) StdoutLine: {'line': b'-- Installing: /home/user/ros2_ws/src/install/my_robot_interfaces/include/my_robot_interfaces/my_robot_interfaces/action/detail/count_until__rosidl_typesupport_introspection_cpp.hpp\n'}
[43.791389] (my_robot_interfaces) StdoutLine: {'line': b'-- Installing: /home/user/ros2_ws/src/install/my_robot_interfaces/include/my_robot_interfaces/my_robot_interfaces/action/detail/move_robot__rosidl_typesupport_introspection_cpp.hpp\n'}
[43.791578] (my_robot_interfaces) StdoutLine: {'line': b'-- Installing: /home/user/ros2_ws/src/install/my_robot_interfaces/include/my_robot_interfaces/my_robot_interfaces/action/detail/count_until__type_support.cpp\n'}
[43.792095] (my_robot_interfaces) StdoutLine: {'line': b'-- Installing: /home/user/ros2_ws/src/install/my_robot_interfaces/include/my_robot_interfaces/my_robot_interfaces/action/detail/move_robot__type_support.cpp\n'}
[43.792338] (my_robot_interfaces) StdoutLine: {'line': b'-- Up-to-date: /home/user/ros2_ws/src/install/my_robot_interfaces/include/my_robot_interfaces/my_robot_interfaces/msg\n'}
[43.792543] (my_robot_interfaces) StdoutLine: {'line': b'-- Up-to-date: /home/user/ros2_ws/src/install/my_robot_interfaces/include/my_robot_interfaces/my_robot_interfaces/msg/detail\n'}
[43.792639] (my_robot_interfaces) StdoutLine: {'line': b'-- Installing: /home/user/ros2_ws/src/install/my_robot_interfaces/include/my_robot_interfaces/my_robot_interfaces/msg/detail/hardware_status__type_support.cpp\n'}
[43.792859] (my_robot_interfaces) StdoutLine: {'line': b'-- Installing: /home/user/ros2_ws/src/install/my_robot_interfaces/include/my_robot_interfaces/my_robot_interfaces/msg/detail/led_state_array__rosidl_typesupport_introspection_cpp.hpp\n'}
[43.793082] (my_robot_interfaces) StdoutLine: {'line': b'-- Installing: /home/user/ros2_ws/src/install/my_robot_interfaces/include/my_robot_interfaces/my_robot_interfaces/msg/detail/turtle_array__rosidl_typesupport_introspection_cpp.hpp\n'}
[43.793268] (my_robot_interfaces) StdoutLine: {'line': b'-- Installing: /home/user/ros2_ws/src/install/my_robot_interfaces/include/my_robot_interfaces/my_robot_interfaces/msg/detail/led_state_array__type_support.cpp\n'}
[43.793856] (my_robot_interfaces) StdoutLine: {'line': b'-- Installing: /home/user/ros2_ws/src/install/my_robot_interfaces/include/my_robot_interfaces/my_robot_interfaces/msg/detail/turtle_array__type_support.cpp\n'}
[43.794157] (my_robot_interfaces) StdoutLine: {'line': b'-- Installing: /home/user/ros2_ws/src/install/my_robot_interfaces/include/my_robot_interfaces/my_robot_interfaces/msg/detail/turtle__rosidl_typesupport_introspection_cpp.hpp\n'}
[43.794603] (my_robot_interfaces) StdoutLine: {'line': b'-- Installing: /home/user/ros2_ws/src/install/my_robot_interfaces/include/my_robot_interfaces/my_robot_interfaces/msg/detail/turtle__type_support.cpp\n'}
[43.794806] (my_robot_interfaces) StdoutLine: {'line': b'-- Installing: /home/user/ros2_ws/src/install/my_robot_interfaces/include/my_robot_interfaces/my_robot_interfaces/msg/detail/hardware_status__rosidl_typesupport_introspection_cpp.hpp\n'}
[43.794944] (my_robot_interfaces) StdoutLine: {'line': b'-- Installing: /home/user/ros2_ws/src/install/my_robot_interfaces/lib/libmy_robot_interfaces__rosidl_typesupport_introspection_cpp.so\n'}
[43.797112] (my_robot_interfaces) StdoutLine: {'line': b'-- Set non-toolchain portion of runtime path of "/home/user/ros2_ws/src/install/my_robot_interfaces/lib/libmy_robot_interfaces__rosidl_typesupport_introspection_cpp.so" to ""\n'}
[43.797262] (my_robot_interfaces) StdoutLine: {'line': b'-- Installing: /home/user/ros2_ws/src/install/my_robot_interfaces/lib/libmy_robot_interfaces__rosidl_typesupport_cpp.so\n'}
[43.797389] (my_robot_interfaces) StdoutLine: {'line': b'-- Set non-toolchain portion of runtime path of "/home/user/ros2_ws/src/install/my_robot_interfaces/lib/libmy_robot_interfaces__rosidl_typesupport_cpp.so" to ""\n'}
[43.797473] (my_robot_interfaces) StdoutLine: {'line': b'-- Installing: /home/user/ros2_ws/src/install/my_robot_interfaces/share/my_robot_interfaces/environment/pythonpath.sh\n'}
[43.797631] (my_robot_interfaces) StdoutLine: {'line': b'-- Installing: /home/user/ros2_ws/src/install/my_robot_interfaces/share/my_robot_interfaces/environment/pythonpath.dsv\n'}
[43.797853] (my_robot_interfaces) StdoutLine: {'line': b'-- Installing: /home/user/ros2_ws/src/install/my_robot_interfaces/lib/python3.12/site-packages/my_robot_interfaces-0.0.0-py3.12.egg-info\n'}
[43.799541] (my_robot_interfaces) StdoutLine: {'line': b'-- Installing: /home/user/ros2_ws/src/install/my_robot_interfaces/lib/python3.12/site-packages/my_robot_interfaces-0.0.0-py3.12.egg-info/SOURCES.txt\n'}
[43.799758] (my_robot_interfaces) StdoutLine: {'line': b'-- Installing: /home/user/ros2_ws/src/install/my_robot_interfaces/lib/python3.12/site-packages/my_robot_interfaces-0.0.0-py3.12.egg-info/top_level.txt\n'}
[43.799919] (my_robot_interfaces) StdoutLine: {'line': b'-- Installing: /home/user/ros2_ws/src/install/my_robot_interfaces/lib/python3.12/site-packages/my_robot_interfaces-0.0.0-py3.12.egg-info/dependency_links.txt\n'}
[43.800170] (my_robot_interfaces) StdoutLine: {'line': b'-- Installing: /home/user/ros2_ws/src/install/my_robot_interfaces/lib/python3.12/site-packages/my_robot_interfaces-0.0.0-py3.12.egg-info/PKG-INFO\n'}
[43.801821] (my_robot_interfaces) StdoutLine: {'line': b'-- Installing: /home/user/ros2_ws/src/install/my_robot_interfaces/lib/python3.12/site-packages/my_robot_interfaces\n'}
[43.802016] (my_robot_interfaces) StdoutLine: {'line': b'-- Installing: /home/user/ros2_ws/src/install/my_robot_interfaces/lib/python3.12/site-packages/my_robot_interfaces/srv\n'}
[43.802202] (my_robot_interfaces) StdoutLine: {'line': b'-- Installing: /home/user/ros2_ws/src/install/my_robot_interfaces/lib/python3.12/site-packages/my_robot_interfaces/srv/_set_led_s.c\n'}
[43.802483] (my_robot_interfaces) StdoutLine: {'line': b'-- Installing: /home/user/ros2_ws/src/install/my_robot_interfaces/lib/python3.12/site-packages/my_robot_interfaces/srv/_catch_turtle_s.c\n'}
[43.802627] (my_robot_interfaces) StdoutLine: {'line': b'-- Installing: /home/user/ros2_ws/src/install/my_robot_interfaces/lib/python3.12/site-packages/my_robot_interfaces/srv/_set_led.py\n'}
[43.802715] (my_robot_interfaces) StdoutLine: {'line': b'-- Installing: /home/user/ros2_ws/src/install/my_robot_interfaces/lib/python3.12/site-packages/my_robot_interfaces/srv/_compute_rectangle_area_s.c\n'}
[43.802784] (my_robot_interfaces) StdoutLine: {'line': b'-- Installing: /home/user/ros2_ws/src/install/my_robot_interfaces/lib/python3.12/site-packages/my_robot_interfaces/srv/__init__.py\n'}
[43.802857] (my_robot_interfaces) StdoutLine: {'line': b'-- Installing: /home/user/ros2_ws/src/install/my_robot_interfaces/lib/python3.12/site-packages/my_robot_interfaces/srv/_catch_turtle.py\n'}
[43.802962] (my_robot_interfaces) StdoutLine: {'line': b'-- Installing: /home/user/ros2_ws/src/install/my_robot_interfaces/lib/python3.12/site-packages/my_robot_interfaces/srv/_compute_rectangle_area.py\n'}
[43.803036] (my_robot_interfaces) StdoutLine: {'line': b'-- Installing: /home/user/ros2_ws/src/install/my_robot_interfaces/lib/python3.12/site-packages/my_robot_interfaces/_my_robot_interfaces_s.ep.rosidl_typesupport_c.c\n'}
[43.803132] (my_robot_interfaces) StdoutLine: {'line': b'-- Installing: /home/user/ros2_ws/src/install/my_robot_interfaces/lib/python3.12/site-packages/my_robot_interfaces/my_robot_interfaces_s__rosidl_typesupport_c.so\n'}
[43.803380] (my_robot_interfaces) StdoutLine: {'line': b'-- Installing: /home/user/ros2_ws/src/install/my_robot_interfaces/lib/python3.12/site-packages/my_robot_interfaces/_my_robot_interfaces_s.ep.rosidl_typesupport_introspection_c.c\n'}
[43.803897] (my_robot_interfaces) StdoutLine: {'line': b'-- Installing: /home/user/ros2_ws/src/install/my_robot_interfaces/lib/python3.12/site-packages/my_robot_interfaces/action\n'}
[43.804540] (my_robot_interfaces) StdoutLine: {'line': b'-- Installing: /home/user/ros2_ws/src/install/my_robot_interfaces/lib/python3.12/site-packages/my_robot_interfaces/action/_count_until.py\n'}
[43.804796] (my_robot_interfaces) StdoutLine: {'line': b'-- Installing: /home/user/ros2_ws/src/install/my_robot_interfaces/lib/python3.12/site-packages/my_robot_interfaces/action/_move_robot.py\n'}
[43.805148] (my_robot_interfaces) StdoutLine: {'line': b'-- Installing: /home/user/ros2_ws/src/install/my_robot_interfaces/lib/python3.12/site-packages/my_robot_interfaces/action/_count_until_s.c\n'}
[43.805376] (my_robot_interfaces) StdoutLine: {'line': b'-- Installing: /home/user/ros2_ws/src/install/my_robot_interfaces/lib/python3.12/site-packages/my_robot_interfaces/action/_move_robot_s.c\n'}
[43.805521] (my_robot_interfaces) StdoutLine: {'line': b'-- Installing: /home/user/ros2_ws/src/install/my_robot_interfaces/lib/python3.12/site-packages/my_robot_interfaces/action/__init__.py\n'}
[43.805710] (my_robot_interfaces) StdoutLine: {'line': b'-- Installing: /home/user/ros2_ws/src/install/my_robot_interfaces/lib/python3.12/site-packages/my_robot_interfaces/msg\n'}
[43.806414] (my_robot_interfaces) StdoutLine: {'line': b'-- Installing: /home/user/ros2_ws/src/install/my_robot_interfaces/lib/python3.12/site-packages/my_robot_interfaces/msg/_turtle.py\n'}
[43.806642] (my_robot_interfaces) StdoutLine: {'line': b'-- Installing: /home/user/ros2_ws/src/install/my_robot_interfaces/lib/python3.12/site-packages/my_robot_interfaces/msg/_turtle_s.c\n'}
[43.806986] (my_robot_interfaces) StdoutLine: {'line': b'-- Installing: /home/user/ros2_ws/src/install/my_robot_interfaces/lib/python3.12/site-packages/my_robot_interfaces/msg/_led_state_array_s.c\n'}
[43.807345] (my_robot_interfaces) StdoutLine: {'line': b'-- Installing: /home/user/ros2_ws/src/install/my_robot_interfaces/lib/python3.12/site-packages/my_robot_interfaces/msg/_hardware_status.py\n'}
[43.807477] (my_robot_interfaces) StdoutLine: {'line': b'-- Installing: /home/user/ros2_ws/src/install/my_robot_interfaces/lib/python3.12/site-packages/my_robot_interfaces/msg/_turtle_array.py\n'}
[43.807611] (my_robot_interfaces) StdoutLine: {'line': b'-- Installing: /home/user/ros2_ws/src/install/my_robot_interfaces/lib/python3.12/site-packages/my_robot_interfaces/msg/_turtle_array_s.c\n'}
[43.807714] (my_robot_interfaces) StdoutLine: {'line': b'-- Installing: /home/user/ros2_ws/src/install/my_robot_interfaces/lib/python3.12/site-packages/my_robot_interfaces/msg/_hardware_status_s.c\n'}
[43.807878] (my_robot_interfaces) StdoutLine: {'line': b'-- Installing: /home/user/ros2_ws/src/install/my_robot_interfaces/lib/python3.12/site-packages/my_robot_interfaces/msg/_led_state_array.py\n'}
[43.808021] (my_robot_interfaces) StdoutLine: {'line': b'-- Installing: /home/user/ros2_ws/src/install/my_robot_interfaces/lib/python3.12/site-packages/my_robot_interfaces/msg/__init__.py\n'}
[43.808156] (my_robot_interfaces) StdoutLine: {'line': b'-- Installing: /home/user/ros2_ws/src/install/my_robot_interfaces/lib/python3.12/site-packages/my_robot_interfaces/_my_robot_interfaces_s.ep.rosidl_typesupport_fastrtps_c.c\n'}
[43.808590] (my_robot_interfaces) StdoutLine: {'line': b'-- Installing: /home/user/ros2_ws/src/install/my_robot_interfaces/lib/python3.12/site-packages/my_robot_interfaces/my_robot_interfaces_s__rosidl_typesupport_introspection_c.so\n'}
[43.808973] (my_robot_interfaces) StdoutLine: {'line': b'-- Installing: /home/user/ros2_ws/src/install/my_robot_interfaces/lib/python3.12/site-packages/my_robot_interfaces/my_robot_interfaces_s__rosidl_typesupport_fastrtps_c.so\n'}
[43.809331] (my_robot_interfaces) StdoutLine: {'line': b'-- Installing: /home/user/ros2_ws/src/install/my_robot_interfaces/lib/python3.12/site-packages/my_robot_interfaces/__init__.py\n'}
[43.835566] (-) TimerEvent: {}
[43.935578] (my_robot_interfaces) StdoutLine: {'line': b"Listing '/home/user/ros2_ws/src/install/my_robot_interfaces/lib/python3.12/site-packages/my_robot_interfaces'...\n"}
[43.936024] (-) TimerEvent: {}
[43.936263] (my_robot_interfaces) StdoutLine: {'line': b"Compiling '/home/user/ros2_ws/src/install/my_robot_interfaces/lib/python3.12/site-packages/my_robot_interfaces/__init__.py'...\n"}
[43.936471] (my_robot_interfaces) StdoutLine: {'line': b"Listing '/home/user/ros2_ws/src/install/my_robot_interfaces/lib/python3.12/site-packages/my_robot_interfaces/action'...\n"}
[43.936600] (my_robot_interfaces) StdoutLine: {'line': b"Compiling '/home/user/ros2_ws/src/install/my_robot_interfaces/lib/python3.12/site-packages/my_robot_interfaces/action/__init__.py'...\n"}
[43.936723] (my_robot_interfaces) StdoutLine: {'line': b"Compiling '/home/user/ros2_ws/src/install/my_robot_interfaces/lib/python3.12/site-packages/my_robot_interfaces/action/_count_until.py'...\n"}
[43.936846] (my_robot_interfaces) StdoutLine: {'line': b"Compiling '/home/user/ros2_ws/src/install/my_robot_interfaces/lib/python3.12/site-packages/my_robot_interfaces/action/_move_robot.py'...\n"}
[43.936965] (my_robot_interfaces) StdoutLine: {'line': b"Listing '/home/user/ros2_ws/src/install/my_robot_interfaces/lib/python3.12/site-packages/my_robot_interfaces/msg'...\n"}
[43.937081] (my_robot_interfaces) StdoutLine: {'line': b"Compiling '/home/user/ros2_ws/src/install/my_robot_interfaces/lib/python3.12/site-packages/my_robot_interfaces/msg/__init__.py'...\n"}
[43.937207] (my_robot_interfaces) StdoutLine: {'line': b"Compiling '/home/user/ros2_ws/src/install/my_robot_interfaces/lib/python3.12/site-packages/my_robot_interfaces/msg/_hardware_status.py'...\n"}
[43.937330] (my_robot_interfaces) StdoutLine: {'line': b"Compiling '/home/user/ros2_ws/src/install/my_robot_interfaces/lib/python3.12/site-packages/my_robot_interfaces/msg/_led_state_array.py'...\n"}
[43.937485] (my_robot_interfaces) StdoutLine: {'line': b"Compiling '/home/user/ros2_ws/src/install/my_robot_interfaces/lib/python3.12/site-packages/my_robot_interfaces/msg/_turtle.py'...\n"}
[43.937614] (my_robot_interfaces) StdoutLine: {'line': b"Compiling '/home/user/ros2_ws/src/install/my_robot_interfaces/lib/python3.12/site-packages/my_robot_interfaces/msg/_turtle_array.py'...\n"}
[43.937772] (my_robot_interfaces) StdoutLine: {'line': b"Listing '/home/user/ros2_ws/src/install/my_robot_interfaces/lib/python3.12/site-packages/my_robot_interfaces/srv'...\n"}
[43.937900] (my_robot_interfaces) StdoutLine: {'line': b"Compiling '/home/user/ros2_ws/src/install/my_robot_interfaces/lib/python3.12/site-packages/my_robot_interfaces/srv/__init__.py'...\n"}
[43.938057] (my_robot_interfaces) StdoutLine: {'line': b"Compiling '/home/user/ros2_ws/src/install/my_robot_interfaces/lib/python3.12/site-packages/my_robot_interfaces/srv/_catch_turtle.py'...\n"}
[43.938186] (my_robot_interfaces) StdoutLine: {'line': b"Compiling '/home/user/ros2_ws/src/install/my_robot_interfaces/lib/python3.12/site-packages/my_robot_interfaces/srv/_compute_rectangle_area.py'...\n"}
[43.938314] (my_robot_interfaces) StdoutLine: {'line': b"Compiling '/home/user/ros2_ws/src/install/my_robot_interfaces/lib/python3.12/site-packages/my_robot_interfaces/srv/_set_led.py'...\n"}
[43.945345] (my_robot_interfaces) StdoutLine: {'line': b'-- Installing: /home/user/ros2_ws/src/install/my_robot_interfaces/lib/python3.12/site-packages/my_robot_interfaces/my_robot_interfaces_s__rosidl_typesupport_fastrtps_c.so\n'}
[43.945977] (my_robot_interfaces) StdoutLine: {'line': b'-- Set non-toolchain portion of runtime path of "/home/user/ros2_ws/src/install/my_robot_interfaces/lib/python3.12/site-packages/my_robot_interfaces/my_robot_interfaces_s__rosidl_typesupport_fastrtps_c.so" to ""\n'}
[43.946998] (my_robot_interfaces) StdoutLine: {'line': b'-- Installing: /home/user/ros2_ws/src/install/my_robot_interfaces/lib/python3.12/site-packages/my_robot_interfaces/my_robot_interfaces_s__rosidl_typesupport_introspection_c.so\n'}
[43.949434] (my_robot_interfaces) StdoutLine: {'line': b'-- Set non-toolchain portion of runtime path of "/home/user/ros2_ws/src/install/my_robot_interfaces/lib/python3.12/site-packages/my_robot_interfaces/my_robot_interfaces_s__rosidl_typesupport_introspection_c.so" to ""\n'}
[43.949759] (my_robot_interfaces) StdoutLine: {'line': b'-- Installing: /home/user/ros2_ws/src/install/my_robot_interfaces/lib/python3.12/site-packages/my_robot_interfaces/my_robot_interfaces_s__rosidl_typesupport_c.so\n'}
[43.950164] (my_robot_interfaces) StdoutLine: {'line': b'-- Set non-toolchain portion of runtime path of "/home/user/ros2_ws/src/install/my_robot_interfaces/lib/python3.12/site-packages/my_robot_interfaces/my_robot_interfaces_s__rosidl_typesupport_c.so" to ""\n'}
[43.950309] (my_robot_interfaces) StdoutLine: {'line': b'-- Installing: /home/user/ros2_ws/src/install/my_robot_interfaces/lib/libmy_robot_interfaces__rosidl_generator_py.so\n'}
[43.950529] (my_robot_interfaces) StdoutLine: {'line': b'-- Set non-toolchain portion of runtime path of "/home/user/ros2_ws/src/install/my_robot_interfaces/lib/libmy_robot_interfaces__rosidl_generator_py.so" to ""\n'}
[43.956115] (my_robot_interfaces) StdoutLine: {'line': b'-- Installing: /home/user/ros2_ws/src/install/my_robot_interfaces/share/my_robot_interfaces/msg/HardwareStatus.idl\n'}
[43.956433] (my_robot_interfaces) StdoutLine: {'line': b'-- Installing: /home/user/ros2_ws/src/install/my_robot_interfaces/share/my_robot_interfaces/msg/LedStateArray.idl\n'}
[43.956587] (my_robot_interfaces) StdoutLine: {'line': b'-- Installing: /home/user/ros2_ws/src/install/my_robot_interfaces/share/my_robot_interfaces/msg/Turtle.idl\n'}
[43.956713] (my_robot_interfaces) StdoutLine: {'line': b'-- Installing: /home/user/ros2_ws/src/install/my_robot_interfaces/share/my_robot_interfaces/msg/TurtleArray.idl\n'}
[43.956853] (my_robot_interfaces) StdoutLine: {'line': b'-- Installing: /home/user/ros2_ws/src/install/my_robot_interfaces/share/my_robot_interfaces/srv/ComputeRectangleArea.idl\n'}
[43.956969] (my_robot_interfaces) StdoutLine: {'line': b'-- Installing: /home/user/ros2_ws/src/install/my_robot_interfaces/share/my_robot_interfaces/srv/SetLed.idl\n'}
[43.957084] (my_robot_interfaces) StdoutLine: {'line': b'-- Installing: /home/user/ros2_ws/src/install/my_robot_interfaces/share/my_robot_interfaces/srv/CatchTurtle.idl\n'}
[43.957612] (my_robot_interfaces) StdoutLine: {'line': b'-- Installing: /home/user/ros2_ws/src/install/my_robot_interfaces/share/my_robot_interfaces/action/CountUntil.idl\n'}
[43.957724] (my_robot_interfaces) StdoutLine: {'line': b'-- Installing: /home/user/ros2_ws/src/install/my_robot_interfaces/share/my_robot_interfaces/action/MoveRobot.idl\n'}
[43.957923] (my_robot_interfaces) StdoutLine: {'line': b'-- Installing: /home/user/ros2_ws/src/install/my_robot_interfaces/share/my_robot_interfaces/msg/HardwareStatus.msg\n'}
[43.958088] (my_robot_interfaces) StdoutLine: {'line': b'-- Installing: /home/user/ros2_ws/src/install/my_robot_interfaces/share/my_robot_interfaces/msg/LedStateArray.msg\n'}
[43.958205] (my_robot_interfaces) StdoutLine: {'line': b'-- Installing: /home/user/ros2_ws/src/install/my_robot_interfaces/share/my_robot_interfaces/msg/Turtle.msg\n'}
[43.958360] (my_robot_interfaces) StdoutLine: {'line': b'-- Installing: /home/user/ros2_ws/src/install/my_robot_interfaces/share/my_robot_interfaces/msg/TurtleArray.msg\n'}
[43.958473] (my_robot_interfaces) StdoutLine: {'line': b'-- Installing: /home/user/ros2_ws/src/install/my_robot_interfaces/share/my_robot_interfaces/srv/ComputeRectangleArea.srv\n'}
[43.959246] (my_robot_interfaces) StdoutLine: {'line': b'-- Installing: /home/user/ros2_ws/src/install/my_robot_interfaces/share/my_robot_interfaces/srv/SetLed.srv\n'}
[43.959875] (my_robot_interfaces) StdoutLine: {'line': b'-- Installing: /home/user/ros2_ws/src/install/my_robot_interfaces/share/my_robot_interfaces/srv/CatchTurtle.srv\n'}
[43.960001] (my_robot_interfaces) StdoutLine: {'line': b'-- Installing: /home/user/ros2_ws/src/install/my_robot_interfaces/share/my_robot_interfaces/action/CountUntil.action\n'}
[43.963374] (my_robot_interfaces) StdoutLine: {'line': b'-- Installing: /home/user/ros2_ws/src/install/my_robot_interfaces/share/my_robot_interfaces/action/MoveRobot.action\n'}
[43.963544] (my_robot_interfaces) StdoutLine: {'line': b'-- Installing: /home/user/ros2_ws/src/install/my_robot_interfaces/share/ament_index/resource_index/package_run_dependencies/my_robot_interfaces\n'}
[43.963713] (my_robot_interfaces) StdoutLine: {'line': b'-- Installing: /home/user/ros2_ws/src/install/my_robot_interfaces/share/ament_index/resource_index/parent_prefix_path/my_robot_interfaces\n'}
[43.964266] (my_robot_interfaces) StdoutLine: {'line': b'-- Installing: /home/user/ros2_ws/src/install/my_robot_interfaces/share/my_robot_interfaces/environment/ament_prefix_path.sh\n'}
[43.964659] (my_robot_interfaces) StdoutLine: {'line': b'-- Installing: /home/user/ros2_ws/src/install/my_robot_interfaces/share/my_robot_interfaces/environment/ament_prefix_path.dsv\n'}
[43.964845] (my_robot_interfaces) StdoutLine: {'line': b'-- Installing: /home/user/ros2_ws/src/install/my_robot_interfaces/share/my_robot_interfaces/environment/path.sh\n'}
[43.964985] (my_robot_interfaces) StdoutLine: {'line': b'-- Installing: /home/user/ros2_ws/src/install/my_robot_interfaces/share/my_robot_interfaces/environment/path.dsv\n'}
[43.965249] (my_robot_interfaces) StdoutLine: {'line': b'-- Installing: /home/user/ros2_ws/src/install/my_robot_interfaces/share/my_robot_interfaces/local_setup.bash\n'}
[43.965519] (my_robot_interfaces) StdoutLine: {'line': b'-- Installing: /home/user/ros2_ws/src/install/my_robot_interfaces/share/my_robot_interfaces/local_setup.sh\n'}
[43.965795] (my_robot_interfaces) StdoutLine: {'line': b'-- Installing: /home/user/ros2_ws/src/install/my_robot_interfaces/share/my_robot_interfaces/local_setup.zsh\n'}
[43.966044] (my_robot_interfaces) StdoutLine: {'line': b'-- Installing: /home/user/ros2_ws/src/install/my_robot_interfaces/share/my_robot_interfaces/local_setup.dsv\n'}
[43.966303] (my_robot_interfaces) StdoutLine: {'line': b'-- Installing: /home/user/ros2_ws/src/install/my_robot_interfaces/share/my_robot_interfaces/package.dsv\n'}
[43.966663] (my_robot_interfaces) StdoutLine: {'line': b'-- Installing: /home/user/ros2_ws/src/install/my_robot_interfaces/share/ament_index/resource_index/packages/my_robot_interfaces\n'}
[43.966882] (my_robot_interfaces) StdoutLine: {'line': b'-- Installing: /home/user/ros2_ws/src/install/my_robot_interfaces/share/my_robot_interfaces/cmake/export_my_robot_interfaces__rosidl_generator_cExport.cmake\n'}
[43.967145] (my_robot_interfaces) StdoutLine: {'line': b'-- Installing: /home/user/ros2_ws/src/install/my_robot_interfaces/share/my_robot_interfaces/cmake/export_my_robot_interfaces__rosidl_generator_cExport-noconfig.cmake\n'}
[43.967617] (my_robot_interfaces) StdoutLine: {'line': b'-- Installing: /home/user/ros2_ws/src/install/my_robot_interfaces/share/my_robot_interfaces/cmake/export_my_robot_interfaces__rosidl_typesupport_fastrtps_cExport.cmake\n'}
[43.967743] (my_robot_interfaces) StdoutLine: {'line': b'-- Installing: /home/user/ros2_ws/src/install/my_robot_interfaces/share/my_robot_interfaces/cmake/export_my_robot_interfaces__rosidl_typesupport_fastrtps_cExport-noconfig.cmake\n'}
[43.967880] (my_robot_interfaces) StdoutLine: {'line': b'-- Installing: /home/user/ros2_ws/src/install/my_robot_interfaces/share/my_robot_interfaces/cmake/my_robot_interfaces__rosidl_typesupport_introspection_cExport.cmake\n'}
[43.968119] (my_robot_interfaces) StdoutLine: {'line': b'-- Installing: /home/user/ros2_ws/src/install/my_robot_interfaces/share/my_robot_interfaces/cmake/my_robot_interfaces__rosidl_typesupport_introspection_cExport-noconfig.cmake\n'}
[43.968448] (my_robot_interfaces) StdoutLine: {'line': b'-- Installing: /home/user/ros2_ws/src/install/my_robot_interfaces/share/my_robot_interfaces/cmake/my_robot_interfaces__rosidl_typesupport_cExport.cmake\n'}
[43.968553] (my_robot_interfaces) StdoutLine: {'line': b'-- Installing: /home/user/ros2_ws/src/install/my_robot_interfaces/share/my_robot_interfaces/cmake/my_robot_interfaces__rosidl_typesupport_cExport-noconfig.cmake\n'}
[43.968653] (my_robot_interfaces) StdoutLine: {'line': b'-- Installing: /home/user/ros2_ws/src/install/my_robot_interfaces/share/my_robot_interfaces/cmake/export_my_robot_interfaces__rosidl_generator_cppExport.cmake\n'}
[43.968746] (my_robot_interfaces) StdoutLine: {'line': b'-- Installing: /home/user/ros2_ws/src/install/my_robot_interfaces/share/my_robot_interfaces/cmake/export_my_robot_interfaces__rosidl_typesupport_fastrtps_cppExport.cmake\n'}
[43.968846] (my_robot_interfaces) StdoutLine: {'line': b'-- Installing: /home/user/ros2_ws/src/install/my_robot_interfaces/share/my_robot_interfaces/cmake/export_my_robot_interfaces__rosidl_typesupport_fastrtps_cppExport-noconfig.cmake\n'}
[43.968944] (my_robot_interfaces) StdoutLine: {'line': b'-- Installing: /home/user/ros2_ws/src/install/my_robot_interfaces/share/my_robot_interfaces/cmake/my_robot_interfaces__rosidl_typesupport_introspection_cppExport.cmake\n'}
[43.969038] (my_robot_interfaces) StdoutLine: {'line': b'-- Installing: /home/user/ros2_ws/src/install/my_robot_interfaces/share/my_robot_interfaces/cmake/my_robot_interfaces__rosidl_typesupport_introspection_cppExport-noconfig.cmake\n'}
[43.969189] (my_robot_interfaces) StdoutLine: {'line': b'-- Installing: /home/user/ros2_ws/src/install/my_robot_interfaces/share/my_robot_interfaces/cmake/my_robot_interfaces__rosidl_typesupport_cppExport.cmake\n'}
[43.969364] (my_robot_interfaces) StdoutLine: {'line': b'-- Installing: /home/user/ros2_ws/src/install/my_robot_interfaces/share/my_robot_interfaces/cmake/my_robot_interfaces__rosidl_typesupport_cppExport-noconfig.cmake\n'}
[43.969555] (my_robot_interfaces) StdoutLine: {'line': b'-- Installing: /home/user/ros2_ws/src/install/my_robot_interfaces/share/my_robot_interfaces/cmake/export_my_robot_interfaces__rosidl_generator_pyExport.cmake\n'}
[43.969725] (my_robot_interfaces) StdoutLine: {'line': b'-- Installing: /home/user/ros2_ws/src/install/my_robot_interfaces/share/my_robot_interfaces/cmake/export_my_robot_interfaces__rosidl_generator_pyExport-noconfig.cmake\n'}
[43.969829] (my_robot_interfaces) StdoutLine: {'line': b'-- Installing: /home/user/ros2_ws/src/install/my_robot_interfaces/share/my_robot_interfaces/cmake/rosidl_cmake-extras.cmake\n'}
[43.969940] (my_robot_interfaces) StdoutLine: {'line': b'-- Installing: /home/user/ros2_ws/src/install/my_robot_interfaces/share/my_robot_interfaces/cmake/ament_cmake_export_dependencies-extras.cmake\n'}
[43.971649] (my_robot_interfaces) StdoutLine: {'line': b'-- Installing: /home/user/ros2_ws/src/install/my_robot_interfaces/share/my_robot_interfaces/cmake/ament_cmake_export_include_directories-extras.cmake\n'}
[43.971895] (my_robot_interfaces) StdoutLine: {'line': b'-- Installing: /home/user/ros2_ws/src/install/my_robot_interfaces/share/my_robot_interfaces/cmake/ament_cmake_export_libraries-extras.cmake\n'}
[43.972052] (my_robot_interfaces) StdoutLine: {'line': b'-- Installing: /home/user/ros2_ws/src/install/my_robot_interfaces/share/my_robot_interfaces/cmake/ament_cmake_export_targets-extras.cmake\n'}
[43.972190] (my_robot_interfaces) StdoutLine: {'line': b'-- Installing: /home/user/ros2_ws/src/install/my_robot_interfaces/share/my_robot_interfaces/cmake/rosidl_cmake_export_typesupport_targets-extras.cmake\n'}
[43.972301] (my_robot_interfaces) StdoutLine: {'line': b'-- Installing: /home/user/ros2_ws/src/install/my_robot_interfaces/share/my_robot_interfaces/cmake/rosidl_cmake_export_typesupport_libraries-extras.cmake\n'}
[43.972418] (my_robot_interfaces) StdoutLine: {'line': b'-- Installing: /home/user/ros2_ws/src/install/my_robot_interfaces/share/my_robot_interfaces/cmake/my_robot_interfacesConfig.cmake\n'}
[43.973890] (my_robot_interfaces) StdoutLine: {'line': b'-- Installing: /home/user/ros2_ws/src/install/my_robot_interfaces/share/my_robot_interfaces/cmake/my_robot_interfacesConfig-version.cmake\n'}
[43.973994] (my_robot_interfaces) StdoutLine: {'line': b'-- Installing: /home/user/ros2_ws/src/install/my_robot_interfaces/share/my_robot_interfaces/package.xml\n'}
[43.975307] (my_robot_interfaces) CommandEnded: {'returncode': 0}
[44.006302] (my_robot_interfaces) JobEnded: {'identifier': 'my_robot_interfaces', 'rc': 0}
[44.008577] (-) EventReactorShutdown: {}
